Name,Team,IP,FIP,PlayerId,Year
Shane Bieber,CLE,12,0.08314644496,19427,2024
Sean Reynolds,SDP,11,0.9846612182,22253,2024
Erik Sabrowski,CLE,12.2,1.113847787,24978,2024
Lucas Erceg,KCR,25,1.166479473,19360,2024
Mason Montgomery,TBR,9.2,1.200962214,29770,2024
Drew Rasmussen,TBR,28.2,1.352526129,25385,2024
Cade Smith,CLE,75.1,1.400992755,27867,2024
A.J. Puk,ARI,27.1,1.629894127,19343,2024
Edwin Uceta,TBR,41.2,1.702479555,20539,2024
Ben Casparius,LAD,8.1,1.726479723,30085,2024
Steven Cruz,KCR,5.2,1.754714914,23165,2024
Nick Nelson,PHI,5.1,1.8539797,20153,2024
Brooks Raley,NYM,7,1.880765317,10061,2024
Griffin Jax,MIN,71,1.941127534,20253,2024
Josh Winder,MIN,9,1.944257556,24606,2024
Kris Bubic,KCR,30.1,1.946699431,21455,2024
Luis Guerrero,BOS,10,1.966479549,31184,2024
Gus Varland,CHW,20.1,2.03533206,24737,2024
Devin Williams,MIL,21.2,2.058787438,15816,2024
Jeremiah Estrada,SDP,61,2.068118916,22210,2024
Brusdar Graterol,LAD,7.1,2.07557064,20367,2024
Jesus Tinoco,MIA,26.2,2.078979675,16300,2024
Chris Sale,ATL,177.2,2.085804294,10603,2024
Will Klein,KCR,5.2,2.10765613,27787,2024
Daysbel Hernández,ATL,18,2.110923999,20271,2024
Mark Leiter Jr.,CHC,36.1,2.120607962,15551,2024
Michael Tonkin,MIN,16.1,2.125663371,10315,2024
Luis Contreras,HOU,6,2.166479619,25839,2024
Mason Miller,OAK,65,2.181864278,31757,2024
Dedniel Núñez,NYM,35,2.22362243,23055,2024
Emmanuel Clase,CLE,74.1,2.224775775,21032,2024
Aaron Bummer,ATL,55.1,2.226720526,16258,2024
Alek Jacob,SDP,14.2,2.280116046,29628,2024
Matt Strahm,PHI,62.2,2.288820115,13799,2024
Jacob deGrom,TEX,10.2,2.322729728,10954,2024
Tanner Scott,SDP,26.1,2.331036639,17586,2024
Joe Jiménez,ATL,68.2,2.33638266,15761,2024
Gregory Santos,SEA,7.1,2.348297712,21894,2024
Robert Garcia,WSN,59.2,2.378770046,23363,2024
Brock Burke,LAA,20.1,2.379594409,17968,2024
Ryan Helsley,STL,66.1,2.412710876,18138,2024
Orion Kerkering,PHI,63,2.420447942,31776,2024
Blake Snell,SFG,104,2.426095163,13543,2024
Dennis Santana,PIT,44.1,2.444675122,17878,2024
Paul Skenes,PIT,133,2.444675267,33677,2024
Jason Adam,SDP,26.2,2.45397971,11861,2024
Ryan Zeferjahn,LAA,17,2.460597346,25420,2024
Tarik Skubal,DET,192,2.494604778,22267,2024
Calvin Faucher,MIA,53.2,2.495672245,20116,2024
Kirby Yates,TEX,61.2,2.501614845,9073,2024
Kyle Bradish,BAL,39.1,2.505462808,24586,2024
Joe Mantiply,ARI,59.2,2.512848236,14857,2024
Ryan Walker,SFG,80,2.516479716,20423,2024
Jeff Hoffman,PHI,66.1,2.518238523,17432,2024
Michael Kopech,LAD,24,2.541479729,17282,2024
Andrew Chafin,DET,37,2.544858028,12988,2024
Mason Miller,ATH,67,2.5523,31757,2025
Michael McGreevy,STL,23,2.557784126,29869,2024
Phil Maton,NYM,28.2,2.573456391,18064,2024
Declan Cronin,MIA,70.1,2.583541284,25645,2024
Justin Martinez,ARI,72.2,2.588498046,24453,2024
Sean Guenther,DET,21,2.595051051,20045,2024
Luis Peralta,COL,12.1,2.598912021,24203,2024
Justin Slaten,BOS,55.1,2.606238763,25648,2024
Yoshinobu Yamamoto,LAD,90,2.610924223,33825,2024
Nick Mears,COL,45.1,2.615009082,25376,2024
Josh Sborz,TEX,16.1,2.615459263,18323,2024
Jacob deGrom,TEX,152.018,2.62049,10954,2025
Dylan Floro,WSN,52.1,2.63144784,13394,2024
Cole Sands,MIN,71.1,2.633769403,21461,2024
Rob Zastryzny,MIL,7.2,2.644740475,15094,2024
Huascar Brazobán,MIA,30.2,2.64474054,6107,2024
Raisel Iglesias,ATL,69.1,2.647248971,17130,2024
David Robertson,TEX,72,2.652590835,8241,2024
Yimi García,TOR,30,2.666479683,12095,2024
Paul Skenes,PIT,188.104,2.66994,33677,2025
Garrett Crochet,CHW,146,2.687027723,27463,2024
Eduard Bazardo,SEA,27.2,2.696600217,20997,2024
Bryan King,HOU,26.1,2.710783455,25890,2024
Félix Bautista,BAL,60,2.71621,20666,2025
Kyle Hurt,LAD,6.2,2.716479735,27514,2024
Michel Otañez,OAK,34,2.725303209,22533,2024
Tony Santillan,CIN,30,2.733146362,19926,2024
Porter Hodge,CHC,43,2.747875053,26413,2024
Joey Wentz,PIT,12,2.749813012,19962,2024
Jhoan Duran,MIN,65,2.76018,21029,2025
Jose A. Ferrer,WSN,32,2.760229681,24017,2024
Shawn Armstrong,STL,12.2,2.771742827,12857,2024
Chris Martin,BOS,44.1,2.783021121,11847,2024
Adrian Morejon,SDP,63.2,2.789516322,20039,2024
Trevor Williams,WSN,66.2,2.791479764,16977,2024
Sean Reid-Foley,NYM,21.2,2.797248933,17034,2024
Aaron Ashby,MIL,28.1,2.813538562,23550,2024
Hunter Gaddis,CLE,74.2,2.818265445,25636,2024
Will Vest,DET,70.1,2.825247452,19769,2024
Danny Coulombe,BAL,29.2,2.829401011,13293,2024
Kevin Ginkel,ARI,70,2.852193995,19876,2024
Jhoan Duran,MIN,54.1,2.853596313,21029,2024
Edwin Díaz,NYM,65,2.85696,14710,2025
Tim Herrin,CLE,65.2,2.861911168,25139,2024
Garrett Crochet,BOS,170.138,2.87165,27463,2025
Carlos Estévez,LAA,34,2.872362131,14542,2024
Caleb Ferguson,HOU,21,2.880765441,19349,2024
Tyler Glasnow,LAD,134,2.897823062,14374,2024
Reynaldo López,ATL,135.2,2.915865537,16400,2024
Anthony Bender,MIA,53,2.921196706,19742,2024
Logan Webb,SFG,204.2,2.946610061,17995,2024
Hunter Bigge,TBR,14,2.952194034,26259,2024
Chris Sale,ATL,186.772,2.9543,10603,2025
Andrés Muñoz,SEA,64,2.96242,20373,2025
Tarik Skubal,DET,196.234,2.97724,22267,2025
Keegan Akin,BAL,78.2,2.988513636,19362,2024
Anthony Veneziano,MIA,11.1,2.990009141,27453,2024
Cole Ragans,KCR,186.1,2.994744532,21846,2024
Blake Treinen,LAD,46.2,2.995051198,12572,2024
Cristopher Sánchez,PHI,181.2,2.995837567,20778,2024
Emmanuel Clase,CLE,66,2.99664,21032,2025
Dylan Lee,ATL,59.2,2.998881984,19996,2024
Kenley Jansen,BOS,54.2,3.001845624,3096,2024
Edwin Díaz,NYM,53.2,3.017411438,14710,2024
Clay Holmes,NYY,63,3.023622609,13649,2024
John Schreiber,KCR,51.2,3.030995881,20020,2024
Ian Hamilton,NYY,37.2,3.03373638,19261,2024
Brant Hurter,DET,45.1,3.034126833,30133,2024
Aroldis Chapman,PIT,61.2,3.036750035,10233,2024
Connor Gillispie,CLE,8,3.041479778,26171,2024
Spencer Strider,ATL,119.396,3.05143,27498,2025
Burch Smith,MIA,29.2,3.065356168,12784,2024
Yusei Kikuchi,HOU,60,3.066479772,20633,2024
Tyler Glasnow,LAD,143.689,3.06751,14374,2025
Ryan Burr,TOR,32.2,3.074643023,17536,2024
Ryan Walker,SFG,68,3.08891,20423,2025
Ryan Pressly,HOU,56.2,3.095891535,7005,2024
Dylan Cease,SDP,189.1,3.097817805,18525,2024
Brenan Hanifee,DET,29.1,3.098297944,22304,2024
Matt Brash,SEA,48,3.09861,25756,2025
Cade Smith,CLE,68,3.10055,27867,2025
Rhett Lowder,CIN,30.2,3.101262386,33876,2024
Trevor Megill,MIL,46.1,3.10173157,17722,2024
Ben Brown,CHC,55.1,3.11226291,23590,2024
Jalen Beeks,PIT,20.2,3.118092662,17192,2024
Colten Brewer,CHC,20.2,3.118092676,12997,2024
Jack Flaherty,DET,106.2,3.119604777,17479,2024
Sonny Gray,STL,166.1,3.124395609,12768,2024
Zack Wheeler,PHI,200,3.126479778,10310,2024
Griffin Jax,MIN,70,3.12983,20253,2025
Hoby Milner,MIL,64.2,3.135551935,13346,2024
Ryan Helsley,STL,66,3.15726,18138,2025
Aaron Bummer,ATL,61,3.15876,16258,2025
Reese Olson,DET,112.1,3.166479778,24968,2024
Tyler Holton,DET,94.1,3.166479778,26231,2024
Hunter Harvey,WSN,45,3.166479778,15507,2024
Tanner Banks,PHI,24.1,3.166479778,16990,2024
Sam Hentges,CLE,23.2,3.166479778,18548,2024
Jordan Lyles,KCR,5,3.166479778,7593,2024
Ben Joyce,LAA,34.2,3.195325937,31461,2024
Grant Holmes,ATL,68.1,3.195748073,16944,2024
Jorge López,CHC,26.2,3.203979782,14527,2024
Camilo Doval,SFG,62,3.20409,21992,2025
Nick Martinez,CIN,142.1,3.208634347,12730,2024
Roki Sasaki,LAD,138.51,3.21176,sa3025686,2025
Justin Martinez,ARI,67,3.23225,24453,2025
Justin Steele,CHC,134.2,3.233311467,17312,2024
Kyle Bradish,BAL,18.98,3.23387,24586,2025
Jakob Junis,CIN,41,3.239650515,13619,2024
Mike Baumann,MIA,13.2,3.239650524,20206,2024
Framber Valdez,HOU,176.1,3.245874866,17295,2024
Hunter Stratton,PIT,37.2,3.246125817,23455,2024
Josh Hader,HOU,68,3.247,14212,2025
Seth Lugo,KCR,206.2,3.248737847,12447,2024
Chris Martin,TEX,58,3.2513,11847,2025
Tanner Scott,MIA,45.2,3.254071024,17586,2024
Aroldis Chapman,BOS,63,3.25553,10233,2025
James Paxton,BOS,11,3.257388877,11828,2024
George Kirby,SEA,191,3.260720616,25436,2024
Kevin Kelly,TBR,70.2,3.265536407,25679,2024
Bryan Hoeing,MIA,30,3.266479785,26304,2024
Logan Gilbert,SEA,208.2,3.267118761,22250,2024
Fernando Cruz,CIN,66.2,3.2714798,7048,2024
Brock Stewart,MIN,56,3.27396,16727,2025
Evan Phillips,LAD,54.2,3.276235889,17734,2024
Jared Koenig,MIL,62,3.279383021,27517,2024
Tyler Ferguson,OAK,51.1,3.283362907,19481,2024
Logan Webb,SFG,201.109,3.28682,17995,2025
Spencer Schwellenbach,ATL,123.2,3.287773581,31846,2024
Alex Cobb,CLE,16.1,3.288928767,6562,2024
Tanner Banks,CHW,48,3.291479796,16990,2024
Matthew Boyd,CLE,39.2,3.292530207,15440,2024
Cionel Pérez,BAL,53.2,3.296914586,19614,2024
Ryan Thompson,ARI,66.1,3.302158196,16647,2024
David Robertson,,61,3.30264,8241,2025
Reed Garrett,NYM,57.1,3.306014684,16866,2024
Orion Kerkering,PHI,63,3.30723,31776,2025
Nabil Crismatt,LAD,7,3.309336921,17732,2024
Ryan Brasier,LAD,28,3.309336941,5615,2024
Jeff Hoffman,TOR,65,3.31068,17432,2025
John Means,BAL,20.2,3.311641073,16269,2024
Richard Fitts,BOS,20.2,3.311641073,30160,2024
Tanner Houck,BOS,178.2,3.31759919,19879,2024
Bryan Abreu,HOU,72,3.31841,16609,2025
Derek Law,WSN,90,3.32203536,13133,2024
Sean Burke,CHW,19,3.324374515,29878,2024
Andrew Nardi,MIA,49.2,3.327553637,25942,2024
Garrett Whitlock,BOS,18.1,3.330116153,20191,2024
Max Fried,ATL,174.1,3.332827775,13743,2024
John McMillon,MIA,12,3.333146458,27942,2024
Luke Weaver,NYY,84,3.333146475,16918,2024
Michael King,SDP,173.2,3.333466348,19853,2024
Cole Sulser,TBR,11.2,3.337908359,15256,2024
Randy Rodríguez,SFG,52.1,3.338454336,23974,2024
Matt Festa,TEX,22.2,3.342950401,19330,2024
Brett de Geus,MIA,5.2,3.342950416,23592,2024
Joe Kelly,,38,3.34369,9761,2025
Ryan Fernandez,STL,66.2,3.346479806,24862,2024
Andrés Muñoz,SEA,59.1,3.351873065,20373,2024
Kodai Senga,NYM,5.1,3.353979789,31838,2024
Osvaldo Bido,OAK,63.1,3.355953472,23150,2024
Tanner Scott,LAD,66,3.356,17586,2025
Jason Adam,TBR,47,3.357969156,11861,2024
Yency Almonte,CHC,15.2,3.357969171,15068,2024
Sonny Gray,STL,184.766,3.36083,12768,2025
Ryan Pressly,CHC,61,3.36274,7005,2025
River Ryan,LAD,20.1,3.363201102,29514,2024
Carmen Mlodzinski,PIT,50.2,3.363848209,27572,2024
Ranger Suárez,PHI,150.2,3.365594836,17277,2024
Lucas Erceg,KCR,67,3.37145,19360,2025
Kevin Ginkel,ARI,61,3.37194,19876,2025
A.J. Puk,ARI,64,3.37323,19343,2025
Zac Gallen,ARI,148,3.375939238,19291,2024
Bryan Hoeing,SDP,23.2,3.377747441,26304,2024
Robert Gasser,MIL,28,3.380765493,29812,2024
Raisel Iglesias,ATL,68,3.38453,17130,2025
Jeremiah Estrada,SDP,63,3.39448,22210,2025
Bryan Woo,SEA,121.1,3.397249019,30279,2024
Fernando Cruz,NYY,61,3.39738,7048,2025
Devin Williams,NYY,63,3.40108,15816,2025
Collin Snider,SEA,41.2,3.406479815,23307,2024
Trevor Megill,MIL,64,3.40787,17722,2025
Matt Strahm,PHI,67,3.41841,13799,2025
Landen Roupp,SFG,50.1,3.42475795,30076,2024
Zack Wheeler,PHI,198.518,3.42534,10310,2025
Hunter Harvey,KCR,60,3.43339,15507,2025
Joe Ryan,MIN,135,3.440553852,21390,2024
Erik Miller,SFG,61,3.44641,26252,2025
Framber Valdez,HOU,184.592,3.44925,17295,2025
Alex Vesia,LAD,66.1,3.452911994,25007,2024
Sam Moll,CIN,37.2,3.458515255,14874,2024
Shane McClanahan,TBR,159.051,3.46047,21483,2025
Logan Gilbert,SEA,198.742,3.46258,22250,2025
Keaton Winn,SFG,40,3.46335,23499,2025
Lucas Erceg,OAK,36.2,3.46647983,19360,2024
Corbin Burnes,ARI,189.849,3.46914,19361,2025
Trent Thornton,SEA,72.1,3.470627297,17948,2024
Tim Hill,CHW,23,3.47082768,16814,2024
Hunter Greene,CIN,150.1,3.472466485,22182,2024
Garrett Whitlock,BOS,67,3.47978,20191,2025
Shane Bieber,CLE,95.664,3.48021,19427,2025
José Leclerc,TEX,66.2,3.481479826,14524,2024
Yennier Cano,BAL,61,3.48497,25911,2025
Bryan Abreu,HOU,78.1,3.485628735,16609,2024
Ryan Yarbrough,TOR,31.1,3.485628747,16502,2024
Robert Suarez,SDP,65,3.489556739,30115,2024
Will Vest,DET,68,3.49057,19769,2025
Nick Vespi,BAL,12.1,3.490804111,21093,2024
Pete Fairbanks,TBR,45.1,3.497362141,17998,2024
Elieser Hernández,MIL,6,3.499813165,16933,2024
Carlos Hernández,KCR,30,3.499813175,22713,2024
Ben Brown,CHC,46.0225,3.50001,23590,2025
Josh Hader,HOU,71,3.504507984,14212,2024
Gabe Speier,SEA,23.2,3.504508038,17170,2024
Beau Brieske,DET,67.2,3.506381307,26079,2024
A.J. Minter,NYM,56,3.50674,18655,2025
Andrew Walters,CLE,8.2,3.512633688,33834,2024
Gregory Santos,SEA,62,3.51376,21894,2025
Ben Joyce,LAA,62,3.51426,31461,2025
Cole Ragans,KCR,182.633,3.51498,21846,2025
Kevin Herget,MIL,11.1,3.519420994,15369,2024
Jacob Webb,BAL,56.2,3.519421042,19274,2024
Evan Phillips,LAD,44,3.52156,17734,2025
George Kirby,SEA,180.232,3.52352,25436,2025
Liam Hendriks,BOS,61,3.5259,3548,2025
Yohan Ramírez,NYM,8.1,3.526479792,19444,2024
Jason Adam,SDP,67,3.52754,11861,2025
Blake Snell,LAD,169.982,3.53004,13543,2025
Clayton Kershaw,LAD,30,3.533146468,2036,2024
MacKenzie Gore,WSN,166.1,3.533213256,22201,2024
Shohei Ohtani,LAD,120.781,3.53422,19755,2025
Luke Little,CHC,40,3.53459,28036,2025
Blake Treinen,LAD,59,3.53487,12572,2025
Josh Staumont,MIN,24.1,3.53634284,18335,2024
Max Fried,NYY,173.047,3.53756,13743,2025
Matt Barnes,WSN,13.1,3.541479814,12863,2024
Yoshinobu Yamamoto,LAD,158.592,3.54154,33825,2025
Pierce Johnson,ATL,64,3.54287,13435,2025
Robert Garcia,TEX,64,3.54448,23363,2025
Pablo López,MIN,193.107,3.54666,17085,2025
Corbin Burnes,BAL,194.1,3.547268811,19361,2024
Yennier Cano,BAL,60,3.549813233,25911,2024
Yimi García,TOR,61,3.55094,12095,2025
Tylor Megill,NYM,78,3.551095163,21318,2024
Keegan Akin,BAL,70,3.5522,19362,2025
José Alvarado,PHI,60,3.55278,17780,2025
Dylan Cease,SDP,188.994,3.5534,18525,2025
Humberto Castellanos,ARI,10.1,3.5535766,21183,2024
Enoli Paredes,MIL,20.2,3.553576636,20447,2024
Kyle Leahy,STL,48.2,3.556890819,24763,2024
Tanner Bibee,CLE,173.2,3.558034504,30134,2024
Drew Smith,NYM,17.2,3.562706336,17755,2024
Tyler Rogers,SFG,70.1,3.564584072,15541,2024
Quinn Priester,BOS,5,3.566479778,25977,2024
Gregory Soto,BAL,59,3.56748,19677,2025
Dustin May,LAD,75.4167,3.57076,19716,2025
Jimmy Herget,ATL,12.1,3.571885194,17556,2024
Stephen Kolek,SDP,46.2,3.573622691,21487,2024
Clarke Schmidt,NYY,85.1,3.576636053,19899,2024
Michael Tonkin,NYY,56,3.577194176,10315,2024
Bryce Miller,SEA,180.1,3.582376278,29837,2024
Hunter Brown,HOU,170,3.584126837,25880,2024
Cody Bradford,TEX,76.1,3.58569378,27597,2024
Sean Hjelle,SFG,66,3.58837,21481,2025
Pete Fairbanks,TBR,60,3.59319,17998,2025
Andrew Nardi,MIA,58,3.5993,25942,2025
Bryan Hudson,MIL,62.1,3.599634894,19924,2024
Joe Jiménez,ATL,27,3.59971,15761,2025
Louis Varland,MIN,62.9696,3.6062,27691,2025
Brandon Pfaadt,ARI,181.2,3.606846775,27782,2024
Dylan Lee,ATL,62,3.60971,19996,2025
Pierce Johnson,ATL,56.1,3.610266831,13435,2024
Dedniel Núñez,NYM,51,3.61504,23055,2025
Brant Hurter,DET,46,3.61564,30133,2025
Justin Steele,CHC,169.848,3.61715,17312,2025
Gregory Soto,PHI,35.1,3.619310032,19677,2024
Tim Hill,NYY,44,3.621025312,16814,2024
Tyson Miller,CHC,50.1,3.623433501,19976,2024
Sean Hjelle,SFG,80.2,3.625157522,21481,2024
Cristopher Sánchez,PHI,169.778,3.62713,20778,2025
Reed Garrett,NYM,66,3.63684,16866,2025
Tim Herrin,CLE,62,3.63802,25139,2025
Eli Morgan,CLE,42,3.642670341,20203,2024
Daniel Palencia,CHC,14.2,3.643752526,27914,2024
A.J. Puk,MIA,44,3.643752588,19343,2024
Danny Young,NYM,37.2,3.644356014,18439,2024
Drew Rasmussen,TBR,127.857,3.64488,25385,2025
Jackson Rutledge,WSN,8.1,3.646479852,26215,2024
Pablo López,MIN,185.1,3.646695619,17085,2024
Michael Wacha,KCR,166.2,3.652479808,14078,2024
Drey Jameson,ARI,48,3.65273,26260,2025
Hunter Brown,HOU,167.533,3.65574,25880,2025
Cole Sands,MIN,64,3.65774,21461,2025
Yusei Kikuchi,TOR,115.2,3.659275178,20633,2024
Nick Mears,MIL,59,3.6628,25376,2025
Grayson Rodriguez,BAL,116.2,3.663622646,24492,2024
Gavin Williams,CLE,76,3.666479778,30122,2024
Adam Ottavino,NYM,56,3.66647988,1247,2024
Yohan Ramírez,BAL,6,3.666479937,19444,2024
Alex Cobb,DET,99.5158,3.66979,6562,2025
Anthony Banda,LAD,49.2,3.669835586,14706,2024
David Peterson,NYM,121,3.67061201,20302,2024
Manuel Rodríguez,TBR,37.2,3.670904642,20794,2024
Erik Miller,SFG,67.1,3.671430354,26252,2024
Quinn Priester,BOS,30,3.6716,25977,2025
Zach Eflin,TBR,110,3.675570687,13774,2024
Anthony Bender,MIA,60,3.67807,19742,2025
Kumar Rocker,TEX,11.2,3.680765521,31843,2024
Huascar Ynoa,MIN,36,3.68327,20468,2025
Tylor Megill,NYM,73.3028,3.68335,21318,2025
Abner Uribe,MIL,49,3.68547,25327,2025
Sandy Alcantara,MIA,178.339,3.68876,18684,2025
Clay Holmes,NYM,156.276,3.69185,13649,2025
Gerrit Cole,NYY,95,3.692795568,13125,2024
Luis García,LAA,43.2,3.693197412,6984,2024
Michael Petersen,MIA,5.2,3.695891602,20827,2024
Noah Cameron,KCR,21,3.69706,sa3018097,2025
Caleb Ferguson,PIT,57,3.69726,19349,2025
Ian Hamilton,NYY,60,3.69844,19261,2025
Julian Merryweather,CHC,15,3.699813179,16703,2024
Ryan Burr,TOR,50,3.70049,17536,2025
Jon Gray,TEX,102.2,3.702194082,14916,2024
Michael Grove,LAD,45,3.70538,23221,2025
Joe Ryan,MIN,159.709,3.70572,21390,2025
DJ Herz,WSN,88.2,3.707833177,26389,2024
Bryan Hudson,MIL,60,3.70874,19924,2025
Camilo Doval,SFG,59,3.70885273,21992,2024
Andre Pallante,STL,121.1,3.710435854,26108,2024
JoJo Romero,STL,61,3.71183,19574,2025
Shawn Armstrong,CHC,7.1,3.711934418,12857,2024
Gabe Speier,SEA,58,3.71378,17170,2025
Spencer Schwellenbach,ATL,171.934,3.71469,31846,2025
Zac Gallen,ARI,170.712,3.71497,19291,2025
Jhony Brito,SDP,43.2,3.716098179,25386,2024
Carson Seymour,SFG,24,3.71656,sa3017868,2025
Shawn Dubin,HOU,45.1,3.717950394,24977,2024
Greg Weissert,BOS,63.1,3.719111468,20375,2024
Shota Imanaga,CHC,173.1,3.720325948,33829,2024
Angel Perdomo,ATL,54,3.72052,17759,2025
Luke Jackson,ATL,18,3.722035452,11752,2024
Mark Leiter Jr.,NYY,58,3.72423,15551,2025
Adrian Morejon,SDP,61,3.72522,20039,2025
Joel Payamps,MIL,59,3.725801885,14332,2024
Michael McGreevy,STL,41.3433,3.72609,29869,2025
Bobby Miller,LAD,46.7626,3.72677,27483,2025
Robert Suarez,SDP,65,3.72722,30115,2025
John King,STL,60,3.733146625,22051,2024
Brusdar Graterol,LAD,22,3.73479,20367,2025
Kody Funderburk,MIN,48,3.73636,24993,2025
Dillon Tate,BAL,33.1,3.736479865,17796,2024
Ryne Nelson,ARI,150.2,3.737276277,26253,2024
Tyler Holton,DET,72,3.73739,26231,2025
Patrick Sandoval,BOS,16.805,3.73785,19447,2025
Shota Imanaga,CHC,179.749,3.74497,33829,2025
Danny Coulombe,MIN,51,3.7457,13293,2025
Jason Foley,DET,63,3.7488,19531,2025
Taylor Rogers,SFG,60,3.749813223,13449,2024
Nathan Eovaldi,TEX,175.964,3.75279,9132,2025
Landen Roupp,SFG,69.2456,3.75468,30076,2025
Pedro Avila,CLE,74.2,3.755765573,18864,2024
Jared Koenig,MIL,62,3.75592,27517,2025
Grayson Rodriguez,BAL,162.413,3.7568,24492,2025
David Festa,MIN,64.1,3.757153356,30056,2024
Ryan Brasier,CHC,58,3.758,5615,2025
Seranthony Domínguez,BAL,62,3.75831,19249,2025
Hans Crouse,LAA,25.1,3.758585116,22192,2024
Angel Zerpa,KCR,59,3.7586,22717,2025
Tayler Saucedo,SEA,38.2,3.761307638,17888,2024
Jack Flaherty,DET,169.521,3.76413,17479,2025
Brandon Woodruff,MIL,152.709,3.76615,16162,2025
Shawn Armstrong,TBR,46.2,3.766479811,12857,2024
Nick Avila,SFG,11.2,3.766479811,25667,2024
Bryan Baker,BAL,23.1,3.76647986,19804,2024
Peter Strzelecki,CLE,11.2,3.766479909,21367,2024
Emilio Pagán,CIN,38,3.771742997,14771,2024
Luis Castillo,SEA,184.327,3.77245,15689,2025
Alex Lange,DET,39,3.7742,19883,2025
Kevin Gausman,TOR,181,3.774214585,14107,2024
Julian Merryweather,CHC,52,3.77449,16703,2025
Ranger Suárez,PHI,167.063,3.77457,17277,2025
Erick Fedde,CHW,121.2,3.774698969,17425,2024
Reynaldo López,ATL,178.861,3.77699,16400,2025
Yosver Zulueta,CIN,16.1,3.778724724,27765,2024
Daysbel Hernández,ATL,58,3.78271,20271,2025
Yuki Matsui,SDP,55,3.78343,33826,2025
David Bednar,PIT,64,3.78695,19569,2025
Tanner Houck,BOS,179.822,3.78755,19879,2025
Kumar Rocker,TEX,139.41,3.78831,31843,2025
Eduardo Salazar,WSN,27.1,3.788431157,23135,2024
Gregory Soto,BAL,17.2,3.789121445,19677,2024
Joel Kuhnel,TBR,8,3.791479778,19995,2024
Craig Yoho,MIL,47,3.79249,sa3023032,2025
Sawyer Gipson-Long,DET,50.36,3.79299,26048,2025
Carson Ragsdale,SFG,28,3.79581,sa3014922,2025
Justin Slaten,BOS,64,3.79641,25648,2025
Anthony Maldonado,MIA,19,3.798058757,26034,2024
Tyler Mahle,TEX,12.2,3.798058757,16358,2024
José Alvarado,PHI,61.2,3.798912276,17780,2024
Cam Booser,BOS,42.2,3.799292373,16061,2024
Joe Mantiply,ARI,59,3.80083,14857,2025
Jonathan Loáisiga,NYY,44,3.8032,19753,2025
Kirby Yates,LAD,60,3.80328,9073,2025
José Soriano,LAA,113,3.80364792,22100,2024
Brock Stewart,MIN,15.2,3.804777715,16727,2024
Will Warren,NYY,32.9879,3.80797,30182,2025
Brenan Hanifee,DET,44,3.80884,22304,2025
Michael King,SDP,179.519,3.81084,19853,2025
Brady Basso,ATH,50.0941,3.81222,25582,2025
Chase Lee,DET,21,3.81338,sa3016946,2025
Braxton Garrett,MIA,37,3.815128427,21844,2024
Kevin Gausman,TOR,193.238,3.81546,14107,2025
Bailey Ober,MIN,178.2,3.815733547,21224,2024
Yusei Kikuchi,LAA,176.11,3.81596,20633,2025
Jason Foley,DET,60,3.816479902,19531,2024
Freddy Peralta,MIL,177.958,3.81722,18679,2025
T.J. McFarland,OAK,56.2,3.819421248,3237,2024
Craig Kimbrel,,52,3.82576,6655,2025
Jesus Tinoco,MIA,64,3.82782,16300,2025
Garrett Cleavinger,TBR,63,3.82845,17897,2025
Joe Ross,MIL,74,3.828641958,12972,2024
José Buttó,NYM,74,3.828641975,23313,2024
Richard Lovelady,TBR,28.2,3.829270579,19337,2024
Sean Manaea,NYM,181.2,3.832534861,15873,2024
Caleb Thielbar,CHC,56,3.83265,10078,2025
Carlos Estévez,PHI,21,3.833146506,14542,2024
J.B. Bukauskas,MIL,6,3.833146657,20491,2024
Nathan Eovaldi,TEX,170.2,3.834448568,9132,2024
Tanner Banks,PHI,68,3.83455,16990,2025
Chris Roycroft,STL,34.1,3.836382865,31261,2024
Michael Kelly,OAK,31.1,3.836692694,12791,2024
Nestor Cortes,NYY,174.1,3.837607887,17874,2024
Aaron Nola,PHI,187.668,3.83896,16149,2025
Tommy Kahnle,DET,58,3.83897,11384,2025
Daniel Palencia,CHC,38,3.83966,27914,2025
Jakob Junis,CLE,80.4475,3.84331,13619,2025
Kyle Finnegan,,60,3.84335,15009,2025
Kirby Snead,SEA,10.1,3.843899279,19179,2024
Brandon Pfaadt,ARI,137.301,3.84408,27782,2025
Justin Wilson,BOS,55,3.84592,4301,2025
Spencer Turnbull,PHI,54.1,3.847461389,16207,2024
James McArthur,KCR,36,3.84814,21527,2025
Mitchell Parker,WSN,151,3.848598984,27636,2024
Tyson Miller,SEA,11.2,3.852194101,19976,2024
Keegan Thompson,CHC,30.1,3.858787543,19795,2024
Chase Shugart,BOS,8.2,3.858787598,21544,2024
Eury Pérez,MIA,80.6072,3.86121,27768,2025
Ryan Thompson,ARI,63,3.86208,16647,2025
Trevor Stephan,CLE,36,3.86278,19932,2025
Luke Weaver,NYY,68,3.86377,16918,2025
David Festa,MIN,114.029,3.86551,30056,2025
Colin Holderman,PIT,62,3.86565,22361,2025
Grant Holman,OAK,15.2,3.868607637,30002,2024
Michel Otañez,ATH,61,3.86874,22533,2025
Patrick Sandoval,LAA,79.2,3.869408671,19447,2024
MacKenzie Gore,WSN,174.386,3.87098,22201,2025
Michael Grove,LAD,51,3.872362184,23221,2024
Kenta Maeda,DET,58.4343,3.87251,18498,2025
Danny Young,NYM,56,3.87271,18439,2025
Carson Whisenhunt,SFG,39.468,3.87384,sa3020529,2025
Josh Sborz,TEX,38,3.87421,18323,2025
Colin Selby,BAL,51,3.87451,24986,2025
Spencer Howard,SFG,24,3.874813196,23252,2024
Brennan Bernardino,BOS,58,3.87838,16835,2025
Kodai Senga,NYM,165.289,3.87854,31838,2025
Reese Olson,DET,143.897,3.87897,24968,2025
Sean Guenther,DET,60,3.88002,20045,2025
Josh Maciejewski,NYY,7,3.880765493,21310,2024
Kevin Kelly,TBR,53,3.88217,25679,2025
Brady Basso,OAK,22.1,3.882897699,25582,2024
Zack Littell,TBR,156.1,3.882897712,15823,2024
Josh Winckowski,BOS,52,3.88296,22387,2025
Drew Rom,STL,12,3.88778,24602,2025
Scott Alexander,OAK,38.2,3.8906179,10591,2024
Forrest Whitley,HOU,59,3.89091,19586,2025
Ross Stripling,OAK,85.1,3.893042338,13273,2024
Sam Long,KCR,42.2,3.893042452,25379,2024
John King,STL,59,3.89505,22051,2025
Seth Halvorsen,COL,12.1,3.896209583,33294,2024
Josh Walker,NYM,12.1,3.89620964,23617,2024
Calvin Faucher,MIA,63,3.89681,20116,2025
Michael Lorenzen,KCR,28.2,3.899037983,14843,2024
Brayan Bello,BOS,167.363,3.9039,23920,2025
Clayton Beeter,NYY,38,3.9041,27494,2025
Nick Pivetta,SDP,152.706,3.90497,15454,2025
Hoby Milner,TEX,58,3.90617,13346,2025
Brandyn Garcia,SEA,21,3.90643,sa3022951,2025
Jared Jones,PIT,166.87,3.90701,27863,2025
Brendon Little,TOR,56,3.90971,21574,2025
Max Scherzer,TOR,124.49,3.91011,3137,2025
Andrew Chafin,,45,3.9105,12988,2025
Tanner Bibee,CLE,173.454,3.91205,30134,2025
Zack Thompson,STL,53,3.91223,25918,2025
John Brebbia,DET,55,3.91227,12777,2025
Tobias Myers,MIL,138,3.91285659,22191,2024
Nate Pearson,CHC,54,3.91289,20160,2025
Luis Castillo,SEA,175.1,3.913628089,15689,2024
Eduard Bazardo,SEA,50,3.91485,20997,2025
Brandon Young,BAL,22,3.9154,sa3014926,2025
Ethan Roberts,CHC,26.2,3.916479796,24930,2024
Yuki Matsui,SDP,62.2,3.916479946,33826,2024
Luis García,LAD,33,3.91681,6984,2025
Ty Madden,DET,43,3.91827,30140,2025
Logan Henderson,MIL,10,3.91842,sa3020080,2025
Andrew Kittredge,BAL,66,3.92204,12828,2025
Jameson Taillon,CHC,165.1,3.922528189,11674,2024
Slade Cecconi,CLE,50.7727,3.92639,27500,2025
Zach Eflin,BAL,175.851,3.93233,13774,2025
Robbie Ray,SFG,160.564,3.9337,11486,2025
Brady Singer,KCR,179.2,3.934568876,25377,2024
Dennis Santana,NYY,27.1,3.934772604,17878,2024
Jalen Beeks,,40,3.93717,17192,2025
Kenley Jansen,LAA,60,3.93975,3096,2025
Sean Reid-Foley,NYM,49,3.94046,17034,2025
Lance McCullers Jr.,HOU,92.7773,3.94047,14120,2025
Drew Pomeranz,SEA,15,3.94294,11426,2025
Manuel Rodríguez,TBR,61,3.9431,20794,2025
Luke Jackson,TEX,55,3.94348,11752,2025
Zach Eflin,BAL,55.1,3.94358823,13774,2024
Ryne Stanek,NYM,58,3.94386,15947,2025
Aaron Nola,PHI,199.1,3.944071771,16149,2024
Tim Mayza,NYY,18,3.944257638,15042,2024
Tyler Duffey,KCR,9,3.944257803,13758,2024
Nick Lodolo,CIN,126.527,3.94472,26378,2025
Nick Lodolo,CIN,115.1,3.946826634,26378,2024
Ryan Fernandez,STL,65,3.94736,24862,2025
Robert Stephenson,LAA,32,3.94772,13594,2025
Justin Topa,MIN,50,3.9479,15145,2025
Paul Sewald,ARI,39.2,3.947992433,13892,2024
Joel Payamps,MIL,61,3.94812,14332,2025
Casey Mize,DET,102.1,3.948238738,20492,2024
Carlos Rodón,NYY,175.865,3.94891,16137,2025
Eiberson Castellano,MIN,42,3.94928,sa3015414,2025
Cody Poteet,CHC,30,3.94962,18769,2025
Ryan Pepiot,TBR,130,3.951095163,26221,2024
Andrew Morris,MIN,8,3.95182,sa3020569,2025
Zebby Matthews,MIN,89.4825,3.95355,31827,2025
Eduardo Rodriguez,ARI,144.255,3.95677,13164,2025
Kyle Muller,OAK,49.1,3.957020339,20167,2024
Andrew Kittredge,STL,70.2,3.958932808,12828,2024
Joe Musgrove,SDP,99.2,3.959121939,12970,2024
Tyler Stuart,WSN,22,3.95944,sa3020264,2025
J.T. Ginn,OAK,34,3.96059747,27889,2024
Elvis Peguero,MIL,56,3.9626,21652,2025
Nate Pearson,CHC,26.1,3.963948229,20160,2024
Reid Detmers,LAA,115.329,3.96582,27468,2025
Alex Vesia,LAD,57,3.96732,25007,2025
Angel Zerpa,KCR,53.2,3.967722223,22717,2024
Franco Aleman,CLE,39,3.96955,sa3018178,2025
Bryan King,HOU,60,3.96978,25890,2025
Alex Lange,DET,18.2,3.970051398,19883,2024
Porter Hodge,CHC,63,3.97007,26413,2025
Richard Lovelady,TOR,32,3.97069,19337,2025
Bryan Woo,SEA,143.534,3.97326,30279,2025
Walter Pennington,TEX,42,3.97333,27624,2025
Hagen Danner,SEA,28,3.97476,22116,2025
Ryan Borucki,PIT,37,3.97603,16350,2025
Tristan Beck,SFG,16,3.978979827,21584,2024
Davis Daniel,ATL,17,3.98095,27582,2025
Jeffrey Springs,ATH,153.931,3.98203,17677,2025
Trevor McDonald,SFG,38,3.98355,26448,2025
Jeffrey Springs,TBR,33,3.984661596,17677,2024
Tommy Nance,TOR,22,3.984661667,19178,2024
Riley O'Brien,STL,51,3.98534,20348,2025
Dane Dunning,TEX,77.7182,3.9871,19409,2025
Tayler Saucedo,SEA,61,3.98796,17888,2025
Jordan Romano,PHI,59,3.98978,16122,2025
Nick Ramirez,LAD,13.1,3.991479798,12575,2024
Seth Lugo,KCR,190.341,3.9923,12447,2025
Ty Madden,DET,23,3.992566735,30140,2024
Buck Farmer,CIN,71,3.997465783,14814,2024
Garrett Cleavinger,TBR,60,3.999813271,17897,2024
Scott Blewett,MIN,20.1,4.002545483,16427,2024
Jose A. Ferrer,WSN,62,4.0026,24017,2025
Matthew Liberatore,STL,85.7901,4.00432,22294,2025
Jared Jones,PIT,121.2,4.00483596,27863,2024
Tristan Beck,SFG,59.072,4.00573,21584,2025
Phil Bickford,NYY,8.1,4.006480003,18519,2024
Yilber Diaz,ARI,49.1309,4.00671,29271,2025
Prelander Berroa,CHW,19,4.008585211,22932,2024
Steven Matz,STL,120.934,4.00966,13361,2025
Tommy Kahnle,NYY,42.2,4.010229979,11384,2024
José Leclerc,ATH,64,4.01247,14524,2025
Lou Trivino,SFG,56,4.01382,15043,2025
José Soriano,LAA,148.176,4.01431,22100,2025
Gavin Stone,LAD,140.1,4.014460807,27792,2024
Gerrit Cole,NYY,188.884,4.01582,13125,2025
Tyler Rogers,SFG,70,4.01643,15541,2025
David Peterson,NYM,154.594,4.01669,20302,2025
Jorge Alcala,MIN,60,4.01844,19459,2025
Shawn Dubin,HOU,54,4.02024,24977,2025
Jordan Balazovic,DET,12,4.02027,21866,2025
Scott Barlow,CLE,55,4.02102547,14993,2024
Chris Paddack,MIN,128.528,4.02131,20099,2025
Kyle Nicolas,PIT,54.2,4.026235976,27775,2024
Erik Sabrowski,CLE,57,4.027,24978,2025
Bailey Ober,MIN,171.04,4.02795,21224,2025
Andrew Saalfrank,ARI,32,4.02839,26203,2025
Cody Poteet,NYY,24.1,4.029493488,18769,2024
Clayton Kershaw,LAD,71.4155,4.03316,2036,2025
Declan Cronin,MIA,67,4.03367,25645,2025
Cionel Pérez,BAL,56,4.03472,19614,2025
Jacob Waguespack,TBR,53.1668,4.03517,18318,2025
Kyle Wright,KCR,94.656,4.03596,19665,2025
Nic Enright,CLE,46,4.03731,sa3010299,2025
Shawn Armstrong,TEX,61,4.03754,12857,2025
Ryne Stanek,SEA,39,4.038274821,15947,2024
José Buttó,NYM,63,4.04084,23313,2025
Andrew Heaney,TEX,160,4.041479836,15423,2024
Kyle Amendt,ARI,21,4.04164,sa3022904,2025
Joey Lucchesi,SFG,8,4.0418,19320,2025
Elvis Peguero,MIL,51.1,4.043103307,21652,2024
Tommy Henry,ARI,24,4.0443,26285,2025
Bryce Miller,SEA,174.724,4.04511,29837,2025
Ronny Henriquez,MIN,19.1,4.045790268,24094,2024
John Schreiber,KCR,61,4.04592,20020,2025
Trent Thornton,SEA,67,4.04652,17948,2025
Erick Fedde,STL,55.2,4.046719339,17425,2024
Braxton Ashcraft,PIT,46.468,4.04703,sa3008470,2025
Zack Kelly,BOS,26,4.04746,20349,2025
Amir Garrett,TOR,22,4.0483,14375,2025
Huascar Brazobán,NYM,44,4.04842,6107,2025
Cristian Javier,HOU,21,4.04852,17606,2025
Edward Cabrera,MIA,131.652,4.04955,21690,2025
Yariel Rodríguez,TOR,106.497,4.04958,33838,2025
Tyler Wells,BAL,8,4.04995,20000,2025
Anthony Banda,LAD,55,4.05094,14706,2025
Luke Little,CHC,26,4.051095422,28036,2024
Jake Cousins,NYY,46,4.05156,21620,2025
Beau Brieske,DET,66,4.05186,26079,2025
Graham Ashcraft,CIN,53,4.05283,27552,2025
Paul Sewald,CLE,59,4.0551,13892,2025
Alex Cornwell,STL,8,4.05717,sa3017501,2025
Matt Gage,DET,15,4.05986,17381,2025
Merrill Kelly,ARI,152.484,4.06023,11156,2025
Jake Cousins,NYY,38,4.06121689,21620,2024
Taylor Rogers,CIN,62,4.06295,13449,2025
Troy Taylor,SEA,54,4.06314,31883,2025
Carlos Vargas,SEA,56,4.06458,22915,2025
Nick Pivetta,BOS,145.2,4.065793342,15454,2024
Carlos Estévez,KCR,64,4.06681,14542,2025
Kendall Graveman,ARI,56,4.068,15514,2025
Bryce Elder,ATL,48.1451,4.07049,27779,2025
Joey Cantillo,CLE,38.2,4.071652207,23335,2024
Zach Penrod,BOS,18,4.07232,25368,2025
Shane Baz,TBR,79.1,4.074042862,22264,2024
Mitch Keller,PIT,178,4.076592138,17594,2024
Michael Tonkin,MIN,63,4.07674,10315,2025
Michael Kopech,LAD,61,4.07676,17282,2025
Chris Bassitt,TOR,171,4.07876048,12304,2024
Mitch Keller,PIT,182.036,4.07943,17594,2025
Gordon Graceffo,STL,7.2,4.079523332,29519,2024
Joey Wentz,PIT,66,4.08281,19962,2025
Greg Weissert,BOS,60,4.08309,20375,2025
Kyle Harrison,SFG,133.085,4.0844,27758,2025
Hayden Birdsong,SFG,117.464,4.08464,31635,2025
Yu Darvish,SDP,81.2,4.084847154,13074,2024
Connor Thomas,MIL,54,4.08641,sa3010784,2025
Anthony Molina,COL,59.2,4.088267557,26952,2024
Evan Sisk,KCR,40,4.09037,sa3007612,2025
Derek Law,WSN,72,4.09085,13133,2025
Taj Bradley,TBR,138,4.09401601,22543,2024
Caleb Thielbar,MIN,47.1,4.096057568,10078,2024
Drew Smyly,,49,4.09617,11760,2025
Josh Walker,TOR,39,4.09682,23617,2025
Dauri Moreta,PIT,42,4.09683,21101,2025
Daniel Lynch IV,KCR,58.991,4.09707,21537,2025
José Marte,LAA,19.1,4.097514414,21761,2024
Héctor Neris,CHC,44,4.098298041,11804,2024
Matthew Boyd,CHC,131.886,4.09844,15440,2025
Taj Bradley,TBR,170.449,4.09858,22543,2025
Kris Bubic,KCR,122.978,4.10268,21455,2025
Enyel De Los Santos,ATL,22,4.10275,18403,2025
Tim Mayza,PIT,55,4.10324,15042,2025
Chad Kuhl,CHW,53.1,4.103979868,14975,2024
Vince Velasquez,CLE,12,4.10475,11189,2025
Chase Silseth,LAA,54.8775,4.10647,30074,2025
Keynan Middleton,,18,4.10679,15264,2025
Jake Diekman,ATL,43,4.10711,5003,2025
Ronny Henriquez,MIA,50,4.1075,24094,2025
Matthew Liberatore,STL,86,4.108340411,22294,2024
Jacob Lopez,ATH,36,4.10902,25098,2025
Jordan Hicks,SFG,138.904,4.1091,19618,2025
Jordan Montgomery,ARI,115.75,4.1107,16511,2025
Brooks Raley,,28,4.11145,10061,2025
Joey Cantillo,CLE,93.6062,4.11241,23335,2025
JT Brubaker,NYY,63.0996,4.11258,17578,2025
Ryan Weathers,MIA,86.2,4.112633652,23796,2024
Andrew Misiaszek,CLE,34,4.1134,sa3010118,2025
Ryan Webb,CLE,26,4.11345,sa3018280,2025
Tommy Nance,TOR,54,4.11631,19178,2025
Simeon Woods Richardson,MIN,133.2,4.116604539,24494,2024
Austin Voth,SEA,61,4.117299569,15047,2024
Carlos Hernández,KCR,48,4.11792,22713,2025
Bennett Sousa,HOU,36,4.11792,21345,2025
Nick Robertson,TOR,42,4.11833,26226,2025
Andre Pallante,STL,154.215,4.11861,26108,2025
Jesús Luzardo,PHI,161.257,4.11922,19959,2025
Joely Rodríguez,,33,4.11937,11487,2025
Ryne Nelson,ARI,98.8924,4.12075,26253,2025
Josh Simpson,MIA,39,4.12138,sa1053035,2025
Nestor Cortes,MIL,146.219,4.12205,17874,2025
Hayden Harris,ATL,21,4.12314,sa3019913,2025
Gavin Williams,CLE,142.965,4.12366,30122,2025
Gerson Garabito,TEX,21,4.12369,19835,2025
Dylan Dodd,ATL,40,4.12402,29928,2025
Wandy Peralta,SDP,52,4.12415,14295,2025
Wilmer Flores,DET,8,4.12455,sa3015223,2025
A.J. Blubaugh,HOU,10,4.12458,sa3020112,2025
Tayler Scott,HOU,68.2,4.127644969,13652,2024
Trent Harris,SFG,10,4.1278,sa3022526,2025
Bryan Baker,BAL,46,4.12854,19804,2025
Shintaro Fujinami,SEA,24,4.13003,31839,2025
José Cisnero,,24,4.13383,6399,2025
Cristian Mena,ARI,21.1273,4.13433,27974,2025
Héctor Neris,,55,4.13526,11804,2025
Luis Gil,NYY,151.2,4.135710613,21052,2024
Dennis Santana,PIT,66,4.13752,17878,2025
Hunter Greene,CIN,172.061,4.138,22182,2025
Jordan Wicks,CHC,41.1617,4.13842,30094,2025
Chayce McDermott,BAL,46.3337,4.13866,29866,2025
Sem Robberse,STL,21,4.13903,sa3011735,2025
Mason Montgomery,TBR,60,4.14245,29770,2025
Angel Bastardo,TOR,21,4.14303,sa3009716,2025
Jorge Alcala,MIN,58.1,4.143622785,19459,2024
Albert Suárez,BAL,80.5775,4.14416,6175,2025
Bryan Hoeing,SDP,68,4.14445,26304,2025
Brent Headrick,NYY,21,4.14487,27702,2025
Adam Ottavino,BOS,44,4.14538,1247,2025
Ronel Blanco,HOU,167.1,4.146559489,19407,2024
Brennan Bernardino,BOS,51,4.146872265,16835,2024
Clarke Schmidt,NYY,136.467,4.15092,19899,2025
Cooper Criswell,BOS,99.1,4.153056972,24975,2024
Davis Daniel,LAA,30.1,4.155490809,27582,2024
Alek Manoah,TOR,16.9827,4.15593,26410,2025
Freddy Peralta,MIL,173.2,4.156882907,18679,2024
Ryan Feltner,COL,162.1,4.158266257,21446,2024
Jack Flaherty,LAD,55.1,4.160455705,17479,2024
Matt Manning,DET,46.1214,4.16106,20369,2025
Erik Swanson,TOR,60,4.16148,16587,2025
Justin Hagenman,NYM,14,4.16249,sa3008022,2025
Jonathan Bowlan,KCR,26,4.16326,24607,2025
Joe Boyle,TBR,45.5318,4.16343,29608,2025
Michael Fulmer,BOS,50,4.16367,13218,2025
Jorge López,WSN,60,4.16529,14527,2025
Casey Mize,DET,123.52,4.16618,20492,2025
Trevor Richards,MIN,13,4.166479852,19309,2024
Scott Alexander,COL,56,4.16714,10591,2025
Brock Burke,LAA,66,4.1673,17968,2025
Shane Smith,CHW,52,4.16822,sa3020469,2025
Andrew Walters,CLE,52,4.16915,33834,2025
Spencer Turnbull,,71.5573,4.17032,16207,2025
DL Hall,MIL,89.4681,4.17139,22207,2025
Chad Green,TOR,63,4.1717,15552,2025
James McArthur,KCR,56.2,4.172362244,21527,2024
Kevin Herget,NYM,42,4.17242,15369,2025
Yosver Zulueta,CIN,46,4.17291,27765,2025
Cooper Criswell,BOS,29.728,4.17294,24975,2025
Tyler Ferguson,ATH,62,4.17296,19481,2025
Sean Manaea,NYM,181.467,4.17515,15873,2025
Joe Rock,TBR,28.234,4.17554,sa3017755,2025
Brady Singer,CIN,170.362,4.17671,25377,2025
Jack Neely,CHC,10,4.1774,30106,2025
Grant Holmes,ATL,111.173,4.17799,16944,2025
Craig Kimbrel,BAL,52.1,4.17921873,6655,2024
Kyle Nelson,ARI,18,4.18011,20515,2025
Spencer Arrighetti,HOU,145,4.180272955,29921,2024
Max Scherzer,TEX,43.1,4.181864423,3137,2024
Daniel Hudson,LAD,63,4.182352856,7146,2024
Carmen Mlodzinski,PIT,61,4.18302,27572,2025
Josh Winder,ARI,28,4.18314,24606,2025
Frankie Montas,NYM,105.055,4.18347,14309,2025
Chad Patrick,MIL,24,4.18416,sa3017933,2025
Victor Vodnik,COL,73.2,4.184579466,24614,2024
Ethan Small,SFG,13,4.18476,26364,2025
Paul Blackburn,NYM,114.532,4.18481,14739,2025
Luis González,BAL,36,4.18506,sa550522,2025
Chris Paddack,MIN,88.1,4.185347761,20099,2024
Tyler Mattison,DET,22,4.18589,sa3018117,2025
Yu Darvish,SDP,167.821,4.18614,13074,2025
Randy Rodríguez,SFG,53,4.18666,23974,2025
Mason Black,SFG,51.6623,4.18764,30171,2025
Matt Bowman,BAL,15.2,4.187756602,13528,2024
Brayan Bello,BOS,162.1,4.189067079,23920,2024
Kyle Nicolas,PIT,60,4.18924,27775,2025
Chris Bassitt,TOR,178.982,4.18967,12304,2025
Max Lazar,PHI,13.2,4.190870213,23426,2024
Kutter Crawford,BOS,133.927,4.19124,20531,2025
Zach Pop,TOR,44,4.19204,20185,2025
Scott Barlow,CIN,58,4.1949,14993,2025
Luis Frías,CLE,19,4.19536,21997,2025
Max Meyer,MIA,145.184,4.1957,27474,2025
Luis Garcia,HOU,123.187,4.19612,23735,2025
Anderson Pilar,ATL,50,4.19842,sa917899,2025
José Suarez,LAA,68.7843,4.19868,19911,2025
Hunter Stratton,PIT,15,4.19938,23455,2025
AJ Smith-Shawver,ATL,80.4036,4.20028,29960,2025
Kolby Allard,CLE,17,4.20084,18694,2025
Quinn Mathews,STL,92.34,4.20229,sa3023407,2025
Brandon Eisert,CHW,32,4.20277,27668,2025
Cole Waites,SFG,15,4.20286,25665,2025
Nick Frasso,LAD,15,4.20854,sa3014492,2025
Victor Vodnik,COL,66,4.20909,24614,2025
Luis Severino,NYM,182,4.210435822,15890,2024
Mitch Spence,OAK,151.1,4.210532716,27707,2024
Edwin Uceta,TBR,65,4.21193,20539,2025
Spencer Bivens,SFG,46,4.21207,30226,2025
Keegan Thompson,CHC,66,4.21239,19795,2025
Tyler Phillips,PHI,43,4.2142,20629,2025
Matt Manning,DET,27.2,4.214672646,20369,2024
Justin Anderson,CHW,53.1,4.216480029,16201,2024
Shelby Miller,ARI,53,4.21879,10197,2025
Michael Wacha,KCR,159.265,4.2199,14078,2025
Stephen Kolek,SDP,45.234,4.22101,21487,2025
Xzavion Curry,MIA,18,4.222035502,25595,2024
Joe Ross,PHI,62.91,4.22208,12972,2025
Domingo Gonzalez,ATL,44,4.22439,sa3007495,2025
Jon Gray,TEX,148.703,4.22463,14916,2025
José Ruiz,PHI,51,4.225303387,14552,2024
José Quijada,LAA,62,4.23068,19200,2025
Hogan Harris,OAK,72.1,4.230995982,21520,2024
Sam Moll,CIN,55,4.23204,14874,2025
Aaron Ashby,MIL,105.707,4.23324,23550,2025
Brad Keller,CHC,16,4.23395,15734,2025
Albert Suárez,BAL,133.2,4.236305296,6175,2024
Jesse Chavez,TEX,33,4.23752,5448,2025
Nick Sandlin,TOR,59,4.23812,20517,2025
Miles Mikolas,STL,171.2,4.238324502,9803,2024
Anthony Misiewicz,MIN,21,4.23994,18152,2025
Eric Orze,TBR,36,4.24026,27626,2025
Andrew Heaney,PIT,132.489,4.24196,15423,2025
Taylor Clarke,KCR,8,4.24304,17611,2025
Cody Bradford,TEX,91.4271,4.24317,27597,2025
Jackson Kowar,SEA,35,4.2439,21549,2025
Hunter Gaddis,CLE,65,4.24427,25636,2025
Landon Knack,LAD,44.8684,4.24784,27487,2025
Fraser Ellard,CHW,24,4.249813542,29530,2024
Justin Verlander,SFG,141.489,4.24998,8700,2025
Luis L. Ortiz,PIT,135.2,4.250017913,27646,2024
Kyle Finnegan,WSN,63.2,4.25024952,15009,2024
Scott McGough,ARI,22,4.25242,12056,2025
Merrill Kelly,ARI,73.2,4.252452666,11156,2024
JT Chargois,TEX,26,4.25702,13767,2025
Matt Waldron,SDP,146.2,4.257388945,25550,2024
Colin Holderman,PIT,51.1,4.257389058,22361,2024
José Ruiz,PHI,62,4.25965,14552,2025
Rolddy Munoz,ATL,33,4.26046,sa3011575,2025
Jesús Luzardo,MIA,66.2,4.26147982,19959,2024
Cole Winn,TEX,17.1,4.262633825,22113,2024
Eli Morgan,CHC,50,4.26545,20203,2025
Davis Martin,CHW,50,4.26647982,21448,2024
Ryan Pepiot,TBR,164.574,4.26699,26221,2025
Grant Anderson,MIL,28,4.26814,20546,2025
JoJo Romero,STL,59,4.268174978,19574,2024
Keider Montero,DET,51.2799,4.26824,22630,2025
Chris Flexen,CHC,19,4.26988,13896,2025
Erick Fedde,STL,179.374,4.2718,17425,2025
Brent Honeywell,LAD,34.1,4.273275936,16466,2024
Caleb Ferguson,NYY,33.1,4.276480202,19349,2024
Seranthony Domínguez,PHI,36,4.277591007,19249,2024
Cam Booser,CHW,62,4.28021,16061,2025
Charlie Morton,BAL,156.189,4.28147,4676,2025
Blake Walston,ARI,35,4.28305,26270,2025
Jay Jackson,,23,4.28392,7432,2025
Mike Burrows,PIT,42.234,4.28501,24728,2025
John McMillon,PHI,21,4.28921,27942,2025
Justin Anderson,CHW,63,4.2899,16201,2025
Alex Faedo,TBR,57,4.29003,19874,2025
Isaac Mattson,PIT,5.1,4.291479845,20385,2024
Chad Green,TOR,53.1,4.291479886,15552,2024
Vinny Nittoli,OAK,8,4.291479912,16754,2024
Amir Garrett,LAA,5.1,4.291480047,14375,2024
Justin Wrobleski,LAD,24,4.29163,31204,2025
Chris Roycroft,STL,48,4.29255,31261,2025
Lucas Giolito,BOS,137.779,4.29264,15474,2025
T.J. McFarland,ATH,58,4.29359,3237,2025
Ross Stripling,KCR,39.8007,4.29394,13273,2025
Austin Adams,BOS,24,4.29398,13801,2025
Tayler Scott,HOU,65,4.29461,13652,2025
Anthony Veneziano,MIA,53,4.29576,27453,2025
Nate Lavender,TBR,22,4.29699,sa3017917,2025
Tyson Miller,CHC,62,4.29859,19976,2025
Hayden Wesneski,HOU,114.279,4.29972,27581,2025
Cory Lewis,MIN,10,4.30019,sa3020702,2025
Alec Marsh,KCR,114.504,4.30122,27451,2025
Dylan Floro,ATH,60,4.3023,13394,2025
Kyle Gibson,,151.697,4.3027,10123,2025
José Quijada,LAA,19.1,4.304411,19200,2024
Bailey Falter,PIT,142.1,4.304653121,20070,2024
Yohan Ramírez,PIT,17,4.30711,19444,2025
Griffin Canning,NYM,98.7387,4.30815,19867,2025
Lance Lynn,STL,117.1,4.308525282,2520,2024
Brent Suter,CIN,65.2,4.308611869,13942,2024
Mike Vasil,TBR,48,4.30888,sa3017915,2025
Huascar Brazobán,NYM,21,4.309337129,6107,2024
Grant Holman,ATH,56,4.3107,30002,2025
Marco Raya,MIN,14,4.31182,sa3014550,2025
Steven Cruz,KCR,44,4.31228,23165,2025
Noah Schultz,CHW,36.936,4.31336,sa3020949,2025
Rafael Montero,HOU,52,4.31359,12760,2025
Trevor Gott,,20,4.31375,15046,2025
Kyle Leahy,STL,56,4.31432,24763,2025
DJ Herz,WSN,125.341,4.31454,26389,2025
Hurston Waldrep,ATL,33.1286,4.31521,33527,2025
Cade Cavalli,WSN,90.762,4.32006,27473,2025
Walter Pennington,TEX,17.1,4.320326271,27624,2024
Dillon Tate,,36,4.32042,17796,2025
Matt Canterino,MIN,12,4.32042,sa3011530,2025
José Berríos,TOR,191.392,4.32177,14168,2025
Brandon Sproat,NYM,27.702,4.32324,sa3023499,2025
Dean Kremer,BAL,129.2,4.323292208,19350,2024
Kade Strowd,BAL,26,4.32363,sa3011418,2025
Miles Mikolas,STL,176.211,4.32507,9803,2025
Mason Englert,TBR,46,4.32613,22288,2025
Mason Thompson,WSN,40,4.32765,21850,2025
Burch Smith,BAL,26.2,4.328980055,12784,2024
Jhony Brito,SDP,41.8606,4.33012,25386,2025
Johan Oviedo,PIT,80.5925,4.33076,22487,2025
Cody Bolton,SEA,41,4.33166,23265,2025
Ian Anderson,ATL,101.118,4.33185,19951,2025
Kyle Harrison,SFG,124.1,4.332699665,27758,2024
Hogan Harris,ATH,44,4.33411,21520,2025
Trevor Rogers,BAL,55.5673,4.33433,22286,2025
Matt Krook,ATH,21,4.33664,19315,2025
Alec Marsh,KCR,129,4.337022483,27451,2024
Omar Cruz,SDP,26,4.33877,sa3006971,2025
Tyler Kinley,COL,64,4.33964,18297,2025
Yariel Rodríguez,TOR,86.2,4.34340289,33838,2024
Kaleb Ort,HOU,62,4.34412,20061,2025
Colton Gordon,HOU,26.234,4.34476,sa3019426,2025
Logan Allen,ARI,28,4.345051367,18555,2024
Tyler Mahle,TEX,147.511,4.34602,16358,2025
Ethan Roberts,CHC,35,4.34681,24930,2025
Francis Pena,SDP,28,4.35054,sa3019374,2025
Ryan Weathers,MIA,142.465,4.35078,23796,2025
Jacob Latz,TEX,53,4.3515,21306,2025
Frankie Montas,MIL,57.1,4.352526316,14309,2024
Scott Effross,NYY,42,4.35253,18384,2025
Walker Buehler,BOS,154.398,4.35481,19374,2025
Evan Reifert,WSN,52,4.35521,sa3014860,2025
Sam Long,KCR,56,4.35529,25379,2025
Max Lazar,PHI,50,4.35535,23426,2025
Nick Anderson,STL,40,4.35566,18337,2025
Troy Taylor,SEA,19.1,4.356135029,31883,2024
Roansy Contreras,BAL,33,4.35996,22810,2025
Jalen Beeks,COL,49.1,4.36242594,17192,2024
Bowden Francis,TOR,103.2,4.362621287,20548,2024
Trevor Richards,CHC,26,4.3643,19309,2025
Alex Speas,MIN,16,4.36627,21859,2025
Jake Woodford,PIT,26.2,4.366479807,18674,2024
Diego Castillo,MIN,10,4.366479893,17496,2024
Brandon Eisert,TOR,6.2,4.366479893,27668,2024
Phil Maton,,62,4.36793,18064,2025
Logan VanWey,HOU,8,4.36845,sa3019956,2025
Lyon Richardson,CIN,15,4.36908,24581,2025
Jonathan Hernández,TBR,26,4.36984,17464,2025
Collin Snider,SEA,65,4.37007,23307,2025
Jordan Hicks,SFG,109.2,4.370127233,19618,2024
Doug Nikhazy,CLE,24,4.371,sa3018110,2025
Hans Crouse,LAA,56,4.37134,22192,2025
Colten Brewer,NYY,15,4.37482,12997,2025
Kelvin Cáceres,LAA,10,4.37573,24681,2025
Michael Soroka,WSN,117.283,4.37853,18383,2025
Jacob Barnes,WSN,66,4.378601271,12323,2024
Hunter Bigge,TBR,55,4.38012,26259,2025
Yerry De Los Santos,NYY,34,4.38191,21420,2025
Drew Smith,NYM,17,4.3824,17755,2025
Blas Castano,SEA,35.234,4.38351,sa3006617,2025
Tony Santillan,CIN,58,4.38416,19926,2025
Jacob Barnes,TOR,24,4.3848,12323,2025
Lance Lynn,,128.023,4.3885,2520,2025
Geoff Hartlieb,COL,9,4.38870213,19558,2024
Carlos Rodón,NYY,175,4.389336921,16137,2024
Ryne Stanek,NYM,16.1,4.390969813,15947,2024
Luis Severino,ATH,182.749,4.39125,15890,2025
J.B. Wendelken,SDP,24,4.39225,14506,2025
Garrett McDaniels,LAA,52,4.39266,sa3020619,2025
Connor Phillips,CIN,21,4.39334,27649,2025
Jameson Taillon,CHC,167.813,4.39439,11674,2025
Jakob Junis,MIL,26,4.397249009,13619,2024
Richard Lovelady,CHC,5.2,4.401774242,19337,2024
Génesis Cabrera,NYM,33,4.40211,17490,2025
Caleb Kilian,CHC,31.1065,4.40296,26213,2025
Richard Fitts,BOS,60.311,4.40459,30160,2025
Mitch Spence,ATH,119.527,4.40498,27707,2025
Gavin Hollowell,CHC,6,4.40754,25427,2025
Jake Irvin,WSN,187.2,4.408042901,21504,2024
Trevor Richards,TOR,52.1,4.408518183,19309,2024
Jose Quintana,,152.054,4.41095,11423,2025
J.P. France,HOU,31.1706,4.41232,21212,2025
Michael Kelly,ATH,24,4.41237,12791,2025
Daniel Lynch IV,KCR,43.1,4.412633716,21537,2024
Patrick Corbin,WSN,174.2,4.414571454,9323,2024
Austin Warren,NYM,12,4.41539,24937,2025
James Karinchak,CHW,44,4.41629,20151,2025
Aaron Civale,MIL,154.359,4.41717,19479,2025
Steven Okert,HOU,26,4.41723,13580,2025
Elvin Rodriguez,MIL,25,4.4198,20962,2025
John Brebbia,CHW,48.2,4.419904698,12777,2024
Ray Kerr,ATL,22.1,4.420211193,23809,2024
Kyle Gibson,STL,169.2,4.421882604,10123,2024
Daniel Robert,TEX,28,4.42219,21229,2025
Casey Legumina,SEA,34,4.42286,25921,2025
Jacob Misiorowski,MIL,55.468,4.42414,sa3020644,2025
Antonio Jimenez,SFG,26,4.42496,sa3008074,2025
Jake Bird,COL,46,4.42689,21267,2025
Tyler Gilbert,CHW,48,4.42701,17964,2025
Buck Farmer,ATL,56,4.42828,14814,2025
Trevor Rogers,MIA,105.1,4.429138067,22286,2024
Ronel Blanco,HOU,159.671,4.42948,19407,2025
Jesse Chavez,ATL,63.1,4.429637851,5448,2024
Logan Evans,SEA,19.234,4.43168,sa3023077,2025
Tink Hence,STL,18.468,4.43213,sa3014709,2025
Vinny Nittoli,MIL,15,4.43331,16754,2025
Joe Jacques,LAD,10,4.43419,25178,2025
Bowden Francis,TOR,159.162,4.43509,20548,2025
Tyler Owens,DET,26,4.43609,sa3011201,2025
Marc Church,TEX,46,4.43672,26353,2025
Tim Hill,NYY,63,4.43734,16814,2025
Matt Bowman,BAL,19,4.43758,13528,2025
Joan Adon,WSN,12,4.43779,22925,2025
Easton Lucas,TOR,35,4.43923,26058,2025
Ryan Loutos,STL,44,4.43948,29521,2025
Luis Medina,OAK,40,4.441479778,21649,2024
Cade Povich,BAL,92.1025,4.44278,30055,2025
Kyle Tyler,PHI,28,4.44349,22092,2025
Cole Sulser,TBR,41,4.44588,15256,2025
Hayden Juenger,TOR,17,4.44593,sa3017103,2025
Tejay Antone,CIN,8,4.4473,16233,2025
Justin Lawrence,COL,61,4.4477,17639,2025
A.J. Minter,ATL,34.1,4.448033366,18655,2024
Jack Dreyer,LAD,17,4.44822,sa3018789,2025
Hunter Strickland,LAA,73.1,4.448298182,7836,2024
Luis Gil,NYY,161.383,4.44957,21052,2025
Marcus Stroman,NYY,114.831,4.4499,13431,2025
Will Klein,SEA,22,4.45,27787,2025
Chase Shugart,PIT,22,4.45218,21544,2025
Austin Davis,SDP,7,4.452194239,17117,2024
Chris Devenski,NYM,22,4.45339,12763,2025
Emilio Pagán,CIN,64,4.45456,14771,2025
Carlos Carrasco,NYY,34.1693,4.45478,6632,2025
Jake Irvin,WSN,168.845,4.45784,21504,2025
Fraser Ellard,CHW,62,4.45858,29530,2025
Blake Weiman,HOU,15,4.45925,sa3004211,2025
Miguel Castro,HOU,33,4.45966,15684,2025
Ryan Miller,DET,17,4.46039,22187,2025
Charlie Morton,ATL,165.1,4.460834657,4676,2024
Eric Cerantola,KCR,14,4.46251,sa3017914,2025
Mitch White,TOR,10,4.466479902,19225,2024
Anthony DeSclafani,,63.2825,4.46681,13050,2025
Christian Roa,MIA,26,4.4698,sa3014477,2025
Dan Altavilla,CHW,26,4.47084,16507,2025
Devin Sweet,PHI,36,4.47104,25348,2025
Mitchell Parker,WSN,155.378,4.47182,27636,2025
Germán Márquez,COL,160.31,4.47183,15038,2025
Yilber Diaz,ARI,28.1,4.47236219,29271,2024
Austin Adams,OAK,41.1,4.472931793,13801,2024
Spencer Arrighetti,HOU,141.287,4.47319,29921,2025
Gus Varland,CHW,60,4.47367,24737,2025
Gordon Graceffo,STL,47.1405,4.47549,29519,2025
Mike Baumann,BAL,18.1,4.475570914,20206,2024
Jacob Webb,TEX,62,4.4778,19274,2025
Shelby Miller,DET,55.2,4.477857263,10197,2024
Jaden Hill,COL,33,4.47828,30250,2025
Austin Warren,SFG,10.2,4.478979857,24937,2024
Josh Winckowski,BOS,76,4.482269384,22387,2024
Jordan Montgomery,ARI,117,4.482719105,16511,2024
Matt Svanson,STL,35,4.48285,sa3017070,2025
Travis Adams,MIN,24.234,4.48523,sa3017991,2025
Drue Hackenberg,ATL,9.234,4.48566,sa3023304,2025
Chad Kuhl,ATL,8,4.48651,14975,2025
J.T. Ginn,ATH,94.7834,4.48658,27889,2025
Casey Lawrence,SEA,8,4.4888,11121,2025
Justin King,MIA,24,4.48987,sa3018278,2025
Logan Gillaspie,SDP,11.1,4.490009339,22461,2024
Luinder Avila,KCR,12,4.49203,sa3006507,2025
Edgardo Henriquez,LAD,40,4.49245,26944,2025
Shane Baz,TBR,152.519,4.49254,22264,2025
Connor Seabold,TBR,10,4.49279,19695,2025
Yohan Ramírez,LAD,29.1,4.496025463,19444,2024
George Soriano,MIA,44,4.50117,21863,2025
Michael Darrell-Hicks,LAA,22,4.50353,sa3020438,2025
Joey Wentz,DET,55.1,4.503829391,19962,2024
Jake Woodford,COL,8,4.50451,18674,2025
Carson Fulmer,LAA,86.2,4.504941415,18311,2024
Javier Assad,CHC,146.648,4.50797,21741,2025
Peter Strzelecki,PIT,30,4.50892,21367,2025
Luke Jackson,SFG,35,4.509337068,11752,2024
Nick Hernandez,HOU,48,4.51121,19281,2025
Hayden Wesneski,CHC,67.2,4.511307529,27581,2024
Bubba Chandler,PIT,83.106,4.5128,sa3017428,2025
Brett de Geus,PIT,19,4.51375,23592,2025
Grant Wolfram,MIL,23,4.51395,sa3008313,2025
Luis Contreras,HOU,44,4.51458,25839,2025
Nick Martinez,CIN,152.51,4.51468,12730,2025
Ian Seymour,TBR,44.702,4.51566,sa3014512,2025
Zach Brzykcy,WSN,50,4.5157,27783,2025
Ron Marinaccio,SDP,40,4.51629,23488,2025
Matt Festa,TEX,18,4.51786,19330,2025
Logan Allen,CLE,34.92,4.51844,27589,2025
Eduardo Salazar,WSN,57,4.51853,23135,2025
Tom Cosgrove,SDP,48,4.52013,23443,2025
Scott Blewett,MIN,24,4.52035,16427,2025
Ryder Ryan,PIT,20.2,4.521318655,19891,2024
Ryan Yarbrough,TOR,26,4.52223,16502,2025
Tyler Alexander,MIL,58.8962,4.5228,17735,2025
Travis Kuhn,SEA,12,4.52351,sa3009928,2025
Andrew Painter,PHI,72.638,4.52388,sa3017880,2025
Alek Jacob,SDP,46,4.52789,29628,2025
Chris Stratton,KCR,54,4.52871,13761,2025
Zack Littell,TBR,137.333,4.52914,15823,2025
Victor González,LAA,24,4.5294,16408,2025
Ryan Borucki,PIT,11,4.530116378,16350,2024
Austin Davis,SDP,15,4.5302,17117,2025
Jackson Rutledge,WSN,51.1423,4.53122,26215,2025
Sean Reynolds,SDP,56,4.53292,22253,2025
Janson Junk,MIA,18,4.53577,23301,2025
Peter Lambert,COL,61.1,4.536045088,17969,2024
Dean Kremer,BAL,135.105,4.53647,19350,2025
JT Chargois,SEA,19.2,4.539361445,13767,2024
Connor Brogdon,LAA,38,4.53985,21205,2025
Luis Guerrero,BOS,35,4.54025,31184,2025
José Suarez,LAA,52.1,4.54227614,19911,2024
Tobias Myers,MIL,134.958,4.54256,22191,2025
Ian Bedell,STL,10,4.5441,sa3014538,2025
Seth Halvorsen,COL,63,4.54459,33294,2025
Nick Robertson,STL,12.1,4.544858299,26226,2024
Trevor Williams,WSN,116.14,4.54516,16977,2025
Rhett Lowder,CIN,124.205,4.54765,33876,2025
Angel Chivilli,COL,53,4.55008,26790,2025
Amos Willingham,ATL,46,4.55054,26128,2025
Colin Rea,CHC,119.957,4.55095,12317,2025
Kody Funderburk,MIN,34.2,4.551095417,24993,2024
Roddery Muñoz,STL,26,4.55202,25311,2025
Dakota Hudson,LAA,21,4.55252,19206,2025
Lake Bachar,MIA,48,4.55469,19222,2025
Bryce Elder,ATL,49.2,4.555741594,27779,2024
Jack Leiter,TEX,119.365,4.55605,30146,2025
Patrick Corbin,,98.7933,4.55681,9323,2025
Bryce Jarvis,ARI,50,4.55697,27477,2025
Matt Waldron,SDP,53.3734,4.55876,25550,2025
Ryan Feltner,COL,177.345,4.55883,21446,2025
Colin Poche,WSN,56,4.5595,19403,2025
Jonathan Pintaro,NYM,9.234,4.55963,sa3024197,2025
Yoendrys Gómez,NYY,28,4.56369,22872,2025
Jose Quintana,NYM,170.1,4.563740094,11423,2024
Eduardo Rodriguez,ARI,50,4.566479885,13164,2024
Alexis Díaz,CIN,56.1,4.568846769,21132,2024
Luis L. Ortiz,CLE,141.85,4.56939,27646,2025
Alexis Díaz,CIN,65,4.57158,21132,2025
Prelander Berroa,CHW,64,4.57225,22932,2025
Joe Kelly,LAD,32,4.572729946,9761,2024
Jeff Criswell,COL,48,4.57338,27608,2025
Albert Abreu,CIN,12,4.57365,17485,2025
Max Kranick,NYM,19,4.57463,22175,2025
Jose Cuas,PHI,10,4.5749,17701,2025
Sam Bachman,LAA,44,4.58274,29754,2025
Tyler Matzek,NYY,40,4.58375,10058,2025
Justin Sterner,ATH,53,4.58397,27694,2025
Michael Lorenzen,KCR,152.281,4.58414,14843,2025
Jhonathan Díaz,SEA,9.0873,4.58442,20298,2025
Jared Shuster,CHW,73.1,4.584661769,27472,2024
Jose E. Hernandez,LAD,13,4.58859,22318,2025
Jeff Criswell,COL,19.2,4.590208776,27608,2024
Adam Mazur,MIA,59.1558,4.59022,31900,2025
Paul Blackburn,OAK,51,4.597852327,14739,2024
Osvaldo Bido,ATH,114.117,4.60091,23150,2025
Tyler Wells,BAL,15.1,4.601262417,20000,2024
Matt Moore,BOS,28,4.60188,1890,2025
Christian Scott,NYM,47.1,4.603099535,30107,2024
Alan Rangel,PHI,32,4.60477,sa877578,2025
Adam Cimber,LAA,24.1,4.604836243,15288,2024
Luis Peralta,COL,61,4.6069,24203,2025
Lucas Gilbreath,COL,50,4.60874,21290,2025
Andry Lara,WSN,28,4.60905,sa3014716,2025
Bailey Falter,PIT,127.601,4.6129,20070,2025
Elvis Alvarado,ATH,28,4.61448,sa919291,2025
Randy Dobnak,MIN,9.2,4.614755736,23798,2024
José Ureña,TEX,109,4.616021215,11589,2024
Tony Gonsolin,LAD,109.252,4.61668,19388,2025
Emmanuel Ramirez,MIA,20.2,4.61809286,17304,2024
Jack Kochanowicz,LAA,65.1,4.620561524,27688,2024
Marcus Stroman,NYY,154.2,4.621221253,13431,2024
Evan Fitterer,MIA,33,4.62151,sa3011433,2025
Matt Barnes,,32,4.62254,12863,2025
Jack Dashwood,LAA,42,4.62259,sa3015035,2025
Chris Stratton,KCR,58.1,4.623622858,13761,2024
Alex Young,CIN,22,4.62476,18333,2025
Jordan Leasure,CHW,50,4.62767,29950,2025
Abner Uribe,MIL,14.1,4.631596285,25327,2024
Noah Murdock,ATH,48,4.63375,sa919012,2025
Ben Casparius,LAD,19,4.63414,30085,2025
Javier Assad,CHC,147,4.635867533,21741,2024
Alex Wood,,76.7347,4.64088,13781,2025
Nate Pearson,TOR,40,4.64148006,20160,2024
Brent Suter,CIN,63,4.64173,13942,2025
Bailey Horn,STL,22,4.64177,27753,2025
Noah Davis,COL,20.1,4.641889707,25862,2024
Connor Gillispie,MIA,22,4.64431,26171,2025
Ryan Gusto,HOU,42.468,4.64549,sa3011818,2025
Jonathan Cannon,CHW,124.1,4.6463726,31730,2024
Mick Abel,PHI,22,4.64692,sa3014534,2025
Kutter Crawford,BOS,183.2,4.647423599,20531,2024
Carson Spiers,CIN,44.9947,4.64775,27685,2025
Cole Irvin,BAL,107.1,4.647846361,19244,2024
Zach Maxwell,CIN,33,4.65037,sa3020255,2025
Jake Eder,CHW,21,4.65461,27590,2025
Josh Staumont,CIN,28,4.6555,18335,2025
Ben Lively,CLE,151,4.656546003,14932,2024
Seth Martinez,MIA,56,4.66008,21045,2025
Luis Curvelo,TEX,24,4.66073,sa3008169,2025
Tyler Anderson,LAA,179.1,4.660903612,12880,2024
Tomoyuki Sugano,BAL,129.276,4.6658,sa3025685,2025
Hayden Birdsong,SFG,72,4.666479778,31635,2024
Casey Kelly,CIN,5.1,4.666479868,9174,2024
Lucas Sims,WSN,59,4.67079,13470,2025
Cole Henry,WSN,15,4.67177,sa3014446,2025
Mason Barnett,ATH,9.234,4.67215,sa3020622,2025
Patrick Monteverde,MIA,37.234,4.67295,sa3016940,2025
Daniel Bard,,35,4.67436,7115,2025
Davis Martin,CHW,136.926,4.67562,21448,2025
Joe Boyle,OAK,47.2,4.6769694,29608,2024
DL Hall,MIL,43,4.678107786,22207,2024
Giovanny Gallegos,LAD,35,4.67862,14986,2025
Edward Cabrera,MIA,96.1,4.682050793,21690,2024
Jimmy Herget,COL,42,4.68315,17556,2025
Jorge López,NYM,26.1,4.685467413,14527,2024
Paul Blackburn,NYM,24.1,4.687027803,14739,2024
Simeon Woods Richardson,MIN,137.831,4.69123,24494,2025
Deivi García,MIL,19,4.69247,20276,2025
Aaron Civale,TBR,87,4.695215545,19479,2024
Bradgley Rodriguez,SDP,22,4.69642,sa3016035,2025
Randy Vásquez,SDP,98,4.697092023,24719,2024
Alex Young,NYM,13.2,4.70306543,18333,2024
Luarbert Arias,MIA,41,4.70562,sa3007599,2025
JP Sears,OAK,180.2,4.710760308,23429,2024
Marco Gonzales,PIT,33.2,4.71103435,15467,2024
Will Smith,,36,4.71286,8048,2025
Jack Kochanowicz,LAA,97.8576,4.71528,27688,2025
José Berríos,TOR,192.1,4.715873233,14168,2024
Landon Knack,LAD,69,4.71720448,27487,2024
Mason Adams,CHW,18.468,4.7183,sa3020388,2025
Taijuan Walker,PHI,65.8214,4.72347,11836,2025
Reid Detmers,LAA,87.1,4.723731777,27468,2024
Andrew Abbott,CIN,156.361,4.72882,29911,2025
Justin Wilson,CIN,46.2,4.730765834,4301,2024
Sixto Sánchez,MIA,35.2,4.736573306,19680,2024
Anthony Molina,COL,31,4.7381,26952,2025
Ryan Zeferjahn,LAA,61,4.73978,25420,2025
Michael Petersen,LAA,36,4.74108,20827,2025
Ben Lively,CLE,147.855,4.74141,14932,2025
Robby Snelling,MIA,27.702,4.74603,sa3020707,2025
Adam Cimber,,30,4.7469,15288,2025
Tommy Doyle,COL,17,4.74775,21281,2025
Ben Heller,PIT,12,4.749813237,15100,2024
Colin Rea,MIL,167.2,4.752960952,12317,2024
Cristian Javier,HOU,34.2,4.753018356,17606,2024
Justin Bruihl,PIT,5.2,4.754715518,23779,2024
Jared Shuster,CHW,58,4.75787,27472,2025
Kolby Allard,PHI,27,4.759072371,18694,2024
Josh Fleming,PIT,31.1,4.76222467,20418,2024
Thyago Vieira,ARI,15.2,4.762224718,14510,2024
Xzavion Curry,MIA,8,4.76559,25595,2025
Emiliano Teodo,TEX,9.234,4.77276,sa3015158,2025
Penn Murfee,CHW,37,4.77437,25174,2025
Tanner Gordon,COL,34.8538,4.77625,27669,2025
John Curtiss,ARI,15,4.77739,16128,2025
Seth Martinez,HOU,52.2,4.780404024,21045,2024
Antonio Senzatela,COL,136.334,4.78097,15488,2025
Cal Quantrill,MIA,146.449,4.78223,19312,2025
Jake Bloss,TOR,41.0879,4.78267,33168,2025
Justin Verlander,HOU,90.1,4.782716032,8700,2024
Adam Macko,TOR,9.234,4.7837,sa3011555,2025
Gunnar Hoglund,ATH,69.936,4.78517,sa3019785,2025
Cade Povich,BAL,79.2,4.785726692,30055,2024
Thomas Harrington,PIT,9.234,4.7864,sa3020752,2025
Aaron Civale,MIL,74,4.7881014,19479,2024
Victor Mederos,LAA,26,4.78832,31533,2025
Spencer Bivens,SFG,48.2,4.78976763,30226,2024
Carlos Rodriguez,MIL,30.1088,4.79074,30161,2025
Tyler Kinley,COL,64,4.791479972,18297,2024
Andrew Moore,CIN,32,4.79255,sa3016795,2025
Hunter Strickland,,39,4.79428,7836,2025
Randy Vásquez,SDP,90.655,4.79534,24719,2025
David Bednar,PIT,57.2,4.796537761,19569,2024
Héctor Neris,HOU,15.1,4.796914696,11804,2024
Chris Flexen,CHW,160,4.797729837,13896,2024
JP Sears,ATH,177.723,4.79864,23429,2025
Zach Agnos,COL,21,4.79891,sa3020560,2025
Josiah Gray,WSN,16.9351,4.80157,24580,2025
Thaddeus Ward,BAL,16,4.80846,21513,2025
Owen White,CHW,12,4.81015,22273,2025
Chase Petty,CIN,19.234,4.81196,sa3017963,2025
Tyler Zuber,NYM,31,4.81481,20379,2025
Matt Bowman,ARI,6.2,4.816479936,13528,2024
Luis Patiño,SDP,17,4.81695,22815,2025
Martín Pérez,CHW,139.511,4.81755,6902,2025
Kyle Freeland,COL,153.115,4.81802,16256,2025
Martín Pérez,SDP,52,4.820326053,6902,2024
Graham Ashcraft,CIN,77.1,4.821652301,27552,2024
Jack O'Loughlin,OAK,9.2,4.821652464,22690,2024
Quinn Priester,PIT,44.2,4.823196291,25977,2024
Jackson Jobe,DET,130.042,4.8253,30203,2025
Austin Gomber,COL,165,4.833146445,16561,2024
Sammy Peralta,CHW,15,4.833146657,25589,2024
Jonathan Heasley,CHW,15,4.83814,22224,2025
Michael Kopech,CHW,43.2,4.838235747,17282,2024
Zack Kelly,BOS,56.2,4.842950611,20349,2024
Griff McGarry,PHI,26,4.84361,sa3017130,2025
Tyler Gilbert,PHI,8.1,4.846479842,17964,2024
Keaton Winn,SFG,55.1,4.847202708,23499,2024
Chase Solesky,WSN,24,4.85225,sa3009940,2025
Triston McKenzie,CLE,128.471,4.85776,18000,2025
Dylan Coleman,BAL,30,4.8614,22276,2025
Wade Miley,CIN,53.2269,4.86514,8779,2025
Steven Matz,STL,44.1,4.880765542,13361,2024
Colin Poche,TBR,37.1,4.880765726,19403,2024
Cody Bolton,SEA,18.2,4.880765726,23265,2024
Lake Bachar,MIA,9.1,4.880766076,19222,2024
Sean Burke,CHW,136.695,4.88699,29878,2025
Orlando Ribalta,WSN,48,4.88772,26247,2025
Tanner Dodson,ATH,10,4.88858,sa3007008,2025
Lucas Sims,CIN,35.1,4.892895308,13470,2024
Brendon Little,TOR,45.2,4.896407171,21574,2024
Luis Frías,ARI,6.1,4.903321971,21997,2024
Kyle Freeland,COL,113.1,4.90471515,16256,2024
Drew Smyly,CHC,58.2,4.905116443,11760,2024
Jefry Yan,COL,10,4.90609,sa828460,2025
Tyler Anderson,LAA,171.416,4.90705,12880,2025
Michael Mercado,PHI,40,4.90795,23223,2025
Tim Mayza,TOR,24.2,4.909723606,15042,2024
Alex Faedo,DET,57.1,4.910666096,19874,2024
Mike Clevinger,CHW,52.5881,4.91405,12808,2025
Ryan Cusick,ATH,15,4.91685,sa3017385,2025
Jacob Wallace,KCR,10,4.91745,sa3010374,2025
Mason Englert,DET,21.2,4.920325984,22288,2024
Joely Rodríguez,BOS,13.2,4.922577789,11487,2024
Frankie Montas,CIN,93.1,4.923622731,14309,2024
Ron Marinaccio,NYY,23.1,4.923622731,23488,2024
Jonathan Cannon,CHW,162.086,4.9248,31730,2025
Adrian Houser,NYM,69.1,4.926095292,12718,2024
Diego Castillo,COL,24,4.92764,17496,2025
Will Warren,NYY,22.2,4.93118571,30182,2024
Carlos Carrasco,CLE,103.2,4.931753133,6632,2024
Andre Granillo,STL,15,4.93256,sa3016913,2025
Chase Dollander,COL,92.34,4.9339,sa3023361,2025
Kyle Hendricks,LAA,131.803,4.93647,12049,2025
Joey Estes,OAK,127.2,4.93671488,26257,2024
Juan Mejia,COL,19,4.9468,sa3003159,2025
Michael Soroka,CHW,79.2,4.948906699,18383,2024
Martín Pérez,PIT,83,4.949612308,6902,2024
Emerson Hancock,SEA,49.69,4.95368,27470,2025
Tanner Rainey,PIT,44,4.95453,17610,2025
Michael Arias,NYY,13,4.9552,sa3017036,2025
Robbie Ray,SFG,30.2,4.959958188,11486,2024
Kenta Maeda,DET,112.1,4.964699505,18498,2024
Guillo Zuñiga,PHI,17,4.97184,19588,2025
Seth Johnson,PHI,24,4.97419,26020,2025
Drew Thorpe,CHW,90.037,4.97951,31967,2025
James Paxton,LAD,89.1,4.979912717,11828,2024
Kyle Hendricks,CHC,130.2,4.980255377,12049,2024
Kyle Hart,SDP,111.34,4.99956,19646,2025
Austin Gomber,COL,166.293,5.002,16561,2025
Trevor Rogers,BAL,19,5.008585041,22286,2024
Slade Cecconi,ARI,77,5.02362275,27500,2024
Tyler Beede,CLE,14,5.023622762,16981,2024
Kyle Tyler,MIA,31.2,5.029637823,22092,2024
Bryan Shaw,CIN,17,5.04073,8110,2025
Joe Barlow,TEX,10,5.04117,22296,2025
Anthony Hoopii-Tuionetoa,CHW,22,5.04263,sa3015298,2025
Andrew Abbott,CIN,138,5.043291372,29911,2024
Jacob Latz,TEX,43.2,5.044342975,21306,2024
Valente Bellozo,MIA,66.3395,5.05267,23899,2025
Spencer Strider,ATL,9,5.055368667,27498,2024
Luis García,BOS,15.1,5.057784401,6984,2024
Roansy Contreras,PIT,16.1,5.064439331,22810,2024
Daulton Jefferies,PIT,10,5.066479778,19345,2024
Sam Aldegheri,LAA,18.159,5.06982,26443,2025
Brad Keller,BOS,24.2,5.07188538,15734,2024
Nick Anderson,KCR,35.2,5.07302197,18337,2024
Touki Toussaint,CHW,23,5.079523574,16929,2024
Tyler Alexander,TBR,107.2,5.079792585,17735,2024
Bryse Wilson,MIL,104.2,5.086862061,19990,2024
Jairo Iriarte,CHW,60.936,5.08769,26907,2025
Caden Dana,LAA,71.8322,5.11546,31508,2025
Steven Okert,MIN,35.1,5.119310619,13580,2024
Bryce Jarvis,ARI,59.1,5.121536126,27477,2024
Génesis Cabrera,TOR,62.2,5.129246174,17490,2024
Jhonathan Díaz,SEA,9.2,5.131997149,20298,2024
Evan Justice,COL,34,5.1443,30008,2025
Keider Montero,DET,98.1,5.149530748,22630,2024
Janson Junk,MIL,8,5.166479778,23301,2024
Pedro Avila,SDP,8,5.166479778,18864,2024
Dane Dunning,TEX,95,5.166479859,19409,2024
Austin Kitchen,MIA,7,5.166480051,27910,2024
Jairo Iriarte,CHW,6,5.166480096,26907,2024
Josh Rogers,COL,11,5.166480298,18510,2024
Ryan Yarbrough,LAD,67.1,5.171430425,16502,2024
Bryse Wilson,CHW,98.3205,5.17172,19990,2025
Michael Lorenzen,TEX,101.2,5.173037206,14843,2024
Alek Manoah,TOR,24.1,5.180178514,26410,2024
Roansy Contreras,LAA,52,5.18571077,22810,2024
Xzavion Curry,CLE,24.2,5.193506858,25595,2024
Bradley Blalock,COL,40.1485,5.1995,26419,2025
Joey Estes,ATH,106.225,5.20916,26257,2025
Aaron Brooks,OAK,26.2,5.228979827,12272,2024
Kyle Nelson,ARI,10.2,5.228980454,20515,2024
Nick Sandlin,CLE,57.2,5.23006423,20517,2024
Kaleb Ort,HOU,24.2,5.234047719,20061,2024
Deivi García,CHW,14,5.237908914,20276,2024
Mark Leiter Jr.,NYY,21.2,5.243403465,15551,2024
Griffin Canning,LAA,171.2,5.257742038,19867,2024
Steven Wilson,CHW,40,5.26238,20353,2025
Jacob Waguespack,TBR,10,5.266479778,18318,2024
John Brebbia,ATL,6.2,5.266479979,12777,2024
Will Smith,KCR,41.1,5.271318747,8048,2024
Carson Palmquist,COL,18.468,5.2765,sa3020473,2025
Dane Acker,TEX,9.234,5.27675,sa3014924,2025
Luis Mey,CIN,42,5.27984,sa3010130,2025
Jonathan Hernández,TEX,41,5.288431343,17464,2024
Gerson Garabito,TEX,26.1,5.293062468,19835,2024
Alex Wood,OAK,39.1,5.302073068,13781,2024
Angel Chivilli,COL,31.2,5.313848501,26790,2024
Adam Oller,MIA,42.1,5.316086142,20132,2024
Cal Quantrill,COL,148.1,5.31704165,19312,2024
Jordan Wicks,CHC,46,5.318653825,30094,2024
Shaun Anderson,MIA,13,5.32032609,19453,2024
Ryan Miller,LAA,13,5.320326248,22187,2024
JT Chargois,MIA,16.2,5.326480108,13767,2024
Carson Spiers,CIN,90.2,5.328244636,27685,2024
Seranthony Domínguez,BAL,22.2,5.328244909,19249,2024
Trey Wingenter,CHC,6,5.333146445,17793,2024
Juan Nuñez,SDP,10,5.35232,sa3015464,2025
Enyel De Los Santos,SDP,40.1,5.373091836,18403,2024
Joey Lucchesi,NYM,10.1,5.392286298,19320,2024
Casey Legumina,CIN,9.1,5.416480085,25921,2024
Jake Bird,COL,40,5.416480207,21267,2024
Tanner Rainey,WSN,51,5.421381908,17610,2024
Parker Mushinski,HOU,11,5.439207445,21324,2024
Andrew Chafin,TEX,19.1,5.442342446,12988,2024
Nick Burdi,NYY,9.2,5.442342895,16074,2024
Darren McCaughan,MIA,36,5.444257677,20038,2024
Jay Jackson,MIN,26.1,5.444961066,7432,2024
Mason Black,SFG,36.1,5.450883648,30171,2024
Michael Tonkin,NYM,7,5.452194064,10315,2024
Kenny Rosenberg,LAA,24,5.458146536,20009,2024
Daniel Robert,TEX,5.2,5.460597683,21229,2024
Wandy Peralta,SDP,38.1,5.462132485,14295,2024
Zach Pop,TOR,48.1,5.525101275,20185,2024
Dakota Hudson,COL,89,5.526030542,19206,2024
J.P. France,HOU,25.1,5.53490095,21212,2024
Louie Varland,MIN,49.2,5.542318826,27691,2024
Jordan Weems,WSN,41.2,5.542480141,13190,2024
Walker Buehler,LAD,75.1,5.542586133,19374,2024
Joe La Sorsa,WSN,17.2,5.543838868,25481,2024
Tyler Phillips,PHI,36.2,5.566479945,20629,2024
Chase Anderson,BOS,52,5.58955679,6895,2024
Bradley Blalock,COL,29.2,5.593446278,26419,2024
Carlos Rodriguez,MIL,12.1,5.598912462,30161,2024
Nick Nastrini,CHW,80.2907,5.60111,29833,2025
Dallas Keuchel,MIL,16.2,5.626479872,9434,2024
Yunior Marte,PHI,26,5.62801842,14416,2024
Phil Maton,TBR,35.1,5.628744284,18064,2024
Justin Lawrence,COL,59.2,5.630167349,17639,2024
Matt Bowman,MIN,7.2,5.644740853,13528,2024
Jack Leiter,TEX,35.2,5.661806992,30146,2024
Matt Andriese,MIA,6,5.666479778,12022,2024
Emerson Hancock,SEA,60.2,5.688457906,27470,2024
Zebby Matthews,MIN,37.2,5.715152517,31827,2024
Miguel Castro,ARI,13.2,5.727455865,15684,2024
Valente Bellozo,MIA,68.2,5.729586669,23899,2024
Bryan Sammons,DET,27.1,5.800626242,20462,2024
Yoendrys Gómez,NYY,11.1,5.813538899,22872,2024
Jordan Leasure,CHW,31.1,5.815416378,29950,2024
Tom Cosgrove,SDP,14.2,5.825571667,23443,2024
Logan Allen,CLE,97.1,5.868534714,27589,2024
Drew Thorpe,CHW,44.1,5.873246773,31967,2024
Joan Adon,WSN,10.2,5.885230183,22925,2024
Max Meyer,MIA,57,5.903321884,27474,2024
Brandon Bielak,OAK,12.1,5.923237032,19866,2024
Josiah Gray,WSN,8.1,5.926479884,24580,2024
Brandon Bielak,HOU,17.1,5.935710751,19866,2024
Matt Carasiti,COL,8.2,5.93571136,13276,2024
Victor González,NYY,23.1,5.952194899,16408,2024
Tyler Matzek,ATL,10,5.966480312,10058,2024
Caleb Kilian,CHC,10.2,5.978979946,26213,2024
Jose Cuas,CHC,13.1,6.016480254,17701,2024
George Soriano,MIA,29.1,6.030116638,21863,2024
Scott McGough,ARI,32.2,6.044031275,12056,2024
Mike Baumann,SEA,16.1,6.044031359,20206,2024
Mike Baumann,LAA,9.1,6.059337315,20206,2024
Erik Swanson,TOR,39.1,6.064785238,16587,2024
Ricardo Pinto,PHI,10.2,6.072729952,16318,2024
Brock Burke,TEX,13.2,6.093309795,17968,2024
Lucas Sims,BOS,14,6.095051805,13470,2024
Domingo Germán,PIT,20.2,6.118092772,17149,2024
Yonny Chirinos,MIA,30,6.133146445,16401,2024
Jake Diekman,NYM,32,6.135231017,5003,2024
Tanner Gordon,COL,34.1,6.137353675,27669,2024
Jack Neely,CHC,6,6.166479778,30106,2024
Jaden Hill,COL,10.2,6.166479957,30250,2024
Matt Foster,CHW,6.2,6.166480064,19647,2024
Jordan Romano,TOR,13.2,6.166480127,16122,2024
Blake Walston,ARI,18.1,6.166480142,26270,2024
Matt Moore,LAA,48.1,6.166480331,1890,2024
Adam Mazur,SDP,33.2,6.22588595,31900,2024
Mike Clevinger,CHW,16,6.228980143,12808,2024
José Cisnero,LAA,15.2,6.230310249,6399,2024
Nick Mears,MIL,12.1,6.247561892,25376,2024
Ty Blach,COL,71.1,6.264610716,14361,2024
Ky Bush,CHW,17.2,6.279687437,29823,2024
Dylan Floro,ARI,16.1,6.288929366,13394,2024
Michael Petersen,LAD,14,6.309337349,20827,2024
Dominic Leone,CHW,19,6.324375466,13763,2024
Hunter Harvey,KCR,5.2,6.342950723,15507,2024
Jose E. Hernandez,PIT,5.1,6.353981108,22318,2024
Justin Wrobleski,LAD,36.1,6.35914044,31204,2024
Giovanny Gallegos,STL,20.2,6.360029148,14986,2024
Tommy Henry,ARI,38.1,6.375175457,26285,2024
Sam Aldegheri,LAA,13,6.397249009,26443,2024
Rafael Montero,HOU,38.1,6.401262816,12760,2024
Thyago Vieira,MIL,22.1,6.43513696,14510,2024
Kent Emanuel,MIA,17.2,6.449499119,15849,2024
Erasmo Ramírez,TBR,20.2,6.456802764,10314,2024
Triston McKenzie,CLE,75.2,6.457228788,18000,2024
Chase Anderson,TEX,6.1,6.482269418,6895,2024
Enyel De Los Santos,NYY,6.1,6.482270417,18403,2024
Chase Silseth,LAA,8,6.541479778,30074,2024
Brandon Williamson,CIN,14.1,6.585084733,25463,2024
Brad Keller,CHW,16.2,6.586480104,15734,2024
Wade Miley,MIL,7,6.595051207,8779,2024
Dany Jiménez,OAK,25.2,6.595051801,21170,2024
Grant Hartwig,NYM,6.2,6.616480107,29946,2024
Mitch White,MIL,8.1,6.646480309,19225,2024
Matt Sauer,KCR,16.1,6.656275968,22284,2024
Jesus Tinoco,TEX,10,6.66648078,16300,2024
Kai-Wei Teng,SFG,11,6.711934631,24282,2024
J.P. Feyereisen,LAD,11,6.711934631,16610,2024
Steven Wilson,CHW,34.2,6.714557743,20353,2024
Jacob Lopez,TBR,10.1,6.74712505,25098,2024
Darius Vines,ATL,13.2,6.751845799,25928,2024
Jake Woodford,CHW,8.1,6.766479916,18674,2024
Gus Varland,LAD,6,6.833147028,24737,2024
Julian Aguiar,CIN,31.2,6.861216917,30031,2024
Taijuan Walker,PHI,83.2,6.943372237,11836,2024
Bobby Miller,LAD,56,6.970051207,27483,2024
Zack Thompson,STL,17,6.990009619,25918,2024
Bailey Horn,BOS,18,6.99981433,27753,2024
Guillo Zuñiga,LAA,17.2,7.015536936,19588,2024
Riley O'Brien,STL,8,7.041480702,20348,2024
Sean Newcomb,OAK,10,7.06648015,16943,2024
Victor Mederos,LAA,5.1,7.103980013,31533,2024
Antonio Senzatela,COL,12.1,7.139452854,15488,2024
Enyel De Los Santos,CHW,17.1,7.147249739,18403,2024
Roddery Muñoz,MIA,82.2,7.267286356,25311,2024
Yimi García,SEA,9,7.277591761,12095,2024
Chris Devenski,TBR,26.2,7.328980175,12763,2024
Nick Nastrini,CHW,35.2,7.372087442,29833,2024
Adbert Alzolay,CHC,17.1,7.378019012,17859,2024
Johnny Cueto,LAA,11.1,7.490009311,6893,2024
Nick Hernandez,HOU,8,7.5414803,19281,2024
Grant Anderson,TEX,26.2,7.591480833,20546,2024
Jake Bloss,HOU,11.2,7.623622878,33168,2024
Jonathan Bermúdez,MIA,6.2,7.666480207,21241,2024
Yerry Rodríguez,TEX,17,7.695892051,21955,2024
Zach Brzykcy,WSN,5.2,7.931186195,27783,2024
Mitch White,SFG,5.1,8.041480069,19225,2024
Isaiah Campbell,BOS,6.2,8.11648025,25551,2024
Zach Plesac,LAA,12,8.416480196,19979,2024
Brandon Leibrandt,CIN,6.1,8.692795845,16135,2024
Brandon Hughes,ARI,17.2,8.713650688,23460,2024
Wes Parsons,TOR,5,8.766479778,14764,2024
Allan Winans,ATL,7.2,8.775175896,21238,2024
Jonathan Heasley,BAL,5.1,8.791480114,22224,2024
Paolo Espino,TOR,8.2,9.051095595,8246,2024
Elieser Hernández,LAD,9.2,9.580273304,16933,2024
Darren McCaughan,CLE,6,10.16647978,20038,2024
Caden Dana,LAA,10.1,10.23099612,31508,2024
Spencer Howard,CLE,5,10.36647978,23252,2024
Hurston Waldrep,ATL,7,11.73790952,33527,2024
Michael Mercado,PHI,13,12.93571126,23223,2024